id,round_winner
9000,Terrorist
9001,CT
9002,CT
9003,CT
9004,Terrorist
9005,CT
9006,CT
9007,CT
9008,Terrorist
9009,CT
9010,Terrorist
9011,CT
9012,CT
9013,CT
9014,CT
9015,Terrorist
9016,CT
9017,Terrorist
9018,Terrorist
9019,CT
9020,Terrorist
9021,CT
9022,CT
9023,CT
9024,CT
9025,CT
9026,CT
9027,CT
9028,CT
9029,CT
9030,CT
9031,CT
9032,CT
9033,Terrorist
9034,Terrorist
9035,Terrorist
9036,CT
9037,CT
9038,CT
9039,Terrorist
9040,Terrorist
9041,CT
9042,CT
9043,Terrorist
9044,CT
9045,CT
9046,CT
9047,CT
9048,CT
9049,Terrorist
9050,Terrorist
9051,Terrorist
9052,Terrorist
9053,Terrorist
9054,Terrorist
9055,Terrorist
9056,CT
9057,CT
9058,CT
9059,Terrorist
9060,CT
9061,Terrorist
9062,Terrorist
9063,CT
9064,CT
9065,Terrorist
9066,CT
9067,CT
9068,CT
9069,CT
9070,Terrorist
9071,CT
9072,CT
9073,CT
9074,CT
9075,Terrorist
9076,CT
9077,CT
9078,Terrorist
9079,Terrorist
9080,CT
9081,CT
9082,CT
9083,CT
9084,CT
9085,CT
9086,CT
9087,Terrorist
9088,CT
9089,CT
9090,CT
9091,Terrorist
9092,CT
9093,CT
9094,CT
9095,Terrorist
9096,Terrorist
9097,Terrorist
9098,Terrorist
9099,Terrorist
9100,Terrorist
9101,Terrorist
9102,Terrorist
9103,CT
9104,Terrorist
9105,CT
9106,Terrorist
9107,Terrorist
9108,CT
9109,CT
9110,CT
9111,CT
9112,Terrorist
9113,CT
9114,Terrorist
9115,CT
9116,CT
9117,CT
9118,CT
9119,Terrorist
9120,CT
9121,CT
9122,CT
9123,Terrorist
9124,CT
9125,CT
9126,Terrorist
9127,CT
9128,Terrorist
9129,Terrorist
9130,Terrorist
9131,CT
9132,CT
9133,CT
9134,Terrorist
9135,CT
9136,Terrorist
9137,Terrorist
9138,CT
9139,CT
9140,CT
9141,Terrorist
9142,CT
9143,Terrorist
9144,CT
9145,CT
9146,Terrorist
9147,CT
9148,Terrorist
9149,CT
9150,CT
9151,Terrorist
9152,CT
9153,Terrorist
9154,CT
9155,CT
9156,Terrorist
9157,CT
9158,CT
9159,CT
9160,CT
9161,Terrorist
9162,Terrorist
9163,CT
9164,Terrorist
9165,CT
9166,CT
9167,Terrorist
9168,Terrorist
9169,CT
9170,CT
9171,Terrorist
9172,CT
9173,Terrorist
9174,Terrorist
9175,Terrorist
9176,Terrorist
9177,CT
9178,CT
9179,Terrorist
9180,CT
9181,CT
9182,CT
9183,Terrorist
9184,CT
9185,CT
9186,Terrorist
9187,CT
9188,Terrorist
9189,Terrorist
9190,CT
9191,Terrorist
9192,Terrorist
9193,Terrorist
9194,CT
9195,Terrorist
9196,Terrorist
9197,CT
9198,CT
9199,CT
9200,Terrorist
9201,CT
9202,CT
9203,CT
9204,CT
9205,CT
9206,CT
9207,CT
9208,Terrorist
9209,Terrorist
9210,Terrorist
9211,Terrorist
9212,CT
9213,CT
9214,CT
9215,CT
9216,Terrorist
9217,Terrorist
9218,CT
9219,CT
9220,CT
9221,CT
9222,Terrorist
9223,CT
9224,CT
9225,Terrorist
9226,Terrorist
9227,CT
9228,CT
9229,CT
9230,CT
9231,CT
9232,Terrorist
9233,Terrorist
9234,Terrorist
9235,CT
9236,CT
9237,Terrorist
9238,CT
9239,Terrorist
9240,Terrorist
9241,Terrorist
9242,CT
9243,CT
9244,CT
9245,Terrorist
9246,CT
9247,CT
9248,CT
9249,Terrorist
9250,Terrorist
9251,Terrorist
9252,Terrorist
9253,Terrorist
9254,CT
9255,CT
9256,CT
9257,Terrorist
9258,Terrorist
9259,Terrorist
9260,CT
9261,CT
9262,CT
9263,CT
9264,CT
9265,CT
9266,CT
9267,CT
9268,CT
9269,Terrorist
9270,Terrorist
9271,CT
9272,CT
9273,CT
9274,Terrorist
9275,CT
9276,Terrorist
9277,Terrorist
9278,Terrorist
9279,Terrorist
9280,Terrorist
9281,Terrorist
9282,Terrorist
9283,CT
9284,CT
9285,Terrorist
9286,Terrorist
9287,Terrorist
9288,Terrorist
9289,CT
9290,CT
9291,Terrorist
9292,Terrorist
9293,CT
9294,Terrorist
9295,Terrorist
9296,Terrorist
9297,Terrorist
9298,Terrorist
9299,Terrorist
9300,Terrorist
9301,CT
9302,CT
9303,Terrorist
9304,CT
9305,CT
9306,CT
9307,Terrorist
9308,Terrorist
9309,CT
9310,CT
9311,CT
9312,CT
9313,CT
9314,CT
9315,Terrorist
9316,Terrorist
9317,Terrorist
9318,Terrorist
9319,CT
9320,CT
9321,Terrorist
9322,CT
9323,Terrorist
9324,CT
9325,CT
9326,CT
9327,Terrorist
9328,Terrorist
9329,Terrorist
9330,CT
9331,CT
9332,CT
9333,CT
9334,Terrorist
9335,Terrorist
9336,CT
9337,CT
9338,Terrorist
9339,CT
9340,CT
9341,Terrorist
9342,Terrorist
9343,CT
9344,CT
9345,CT
9346,CT
9347,Terrorist
9348,Terrorist
9349,Terrorist
9350,CT
9351,Terrorist
9352,CT
9353,CT
9354,Terrorist
9355,CT
9356,Terrorist
9357,Terrorist
9358,Terrorist
9359,Terrorist
9360,CT
9361,CT
9362,Terrorist
9363,Terrorist
9364,Terrorist
9365,CT
9366,CT
9367,CT
9368,CT
9369,Terrorist
9370,CT
9371,Terrorist
9372,CT
9373,CT
9374,CT
9375,Terrorist
9376,Terrorist
9377,Terrorist
9378,Terrorist
9379,Terrorist
9380,Terrorist
9381,Terrorist
9382,CT
9383,CT
9384,Terrorist
9385,CT
9386,Terrorist
9387,CT
9388,CT
9389,Terrorist
9390,Terrorist
9391,Terrorist
9392,CT
9393,Terrorist
9394,CT
9395,CT
9396,CT
9397,CT
9398,CT
9399,CT
9400,Terrorist
9401,CT
9402,Terrorist
9403,Terrorist
9404,Terrorist
9405,Terrorist
9406,Terrorist
9407,CT
9408,CT
9409,Terrorist
9410,CT
9411,CT
9412,Terrorist
9413,Terrorist
9414,Terrorist
9415,CT
9416,CT
9417,Terrorist
9418,CT
9419,CT
9420,Terrorist
9421,CT
9422,CT
9423,Terrorist
9424,CT
9425,Terrorist
9426,Terrorist
9427,Terrorist
9428,CT
9429,Terrorist
9430,Terrorist
9431,CT
9432,Terrorist
9433,CT
9434,CT
9435,Terrorist
9436,CT
9437,Terrorist
9438,Terrorist
9439,CT
9440,Terrorist
9441,CT
9442,Terrorist
9443,Terrorist
9444,Terrorist
9445,CT
9446,Terrorist
9447,CT
9448,CT
9449,Terrorist
9450,CT
9451,CT
9452,CT
9453,CT
9454,Terrorist
9455,Terrorist
9456,Terrorist
9457,Terrorist
9458,Terrorist
9459,CT
9460,CT
9461,CT
9462,Terrorist
9463,CT
9464,CT
9465,CT
9466,Terrorist
9467,CT
9468,CT
9469,Terrorist
9470,CT
9471,CT
9472,CT
9473,Terrorist
9474,CT
9475,Terrorist
9476,Terrorist
9477,CT
9478,Terrorist
9479,CT
9480,CT
9481,CT
9482,Terrorist
9483,Terrorist
9484,CT
9485,Terrorist
9486,Terrorist
9487,Terrorist
9488,Terrorist
9489,CT
9490,CT
9491,CT
9492,CT
9493,Terrorist
9494,Terrorist
9495,CT
9496,Terrorist
9497,Terrorist
9498,Terrorist
9499,Terrorist
9500,Terrorist
9501,Terrorist
9502,Terrorist
9503,Terrorist
9504,CT
9505,Terrorist
9506,CT
9507,CT
9508,Terrorist
9509,Terrorist
9510,CT
9511,CT
9512,Terrorist
9513,CT
9514,CT
9515,CT
9516,Terrorist
9517,Terrorist
9518,CT
9519,CT
9520,Terrorist
9521,CT
9522,Terrorist
9523,CT
9524,Terrorist
9525,Terrorist
9526,CT
9527,CT
9528,Terrorist
9529,Terrorist
9530,Terrorist
9531,Terrorist
9532,Terrorist
9533,Terrorist
9534,CT
9535,Terrorist
9536,Terrorist
9537,Terrorist
9538,Terrorist
9539,CT
9540,Terrorist
9541,CT
9542,Terrorist
9543,CT
9544,Terrorist
9545,Terrorist
9546,CT
9547,Terrorist
9548,CT
9549,Terrorist
9550,Terrorist
9551,Terrorist
9552,Terrorist
9553,Terrorist
9554,Terrorist
9555,Terrorist
9556,Terrorist
9557,Terrorist
9558,CT
9559,CT
9560,CT
9561,Terrorist
9562,CT
9563,Terrorist
9564,Terrorist
9565,Terrorist
9566,Terrorist
9567,CT
9568,Terrorist
9569,CT
9570,Terrorist
9571,CT
9572,CT
9573,Terrorist
9574,CT
9575,CT
9576,CT
9577,CT
9578,CT
9579,CT
9580,Terrorist
9581,Terrorist
9582,Terrorist
9583,CT
9584,Terrorist
9585,CT
9586,Terrorist
9587,Terrorist
9588,Terrorist
9589,Terrorist
9590,Terrorist
9591,CT
9592,Terrorist
9593,Terrorist
9594,Terrorist
9595,CT
9596,Terrorist
9597,Terrorist
9598,Terrorist
9599,CT
9600,Terrorist
9601,Terrorist
9602,Terrorist
9603,CT
9604,Terrorist
9605,Terrorist
9606,CT
9607,Terrorist
9608,CT
9609,CT
9610,CT
9611,Terrorist
9612,CT
9613,CT
9614,Terrorist
9615,Terrorist
9616,Terrorist
9617,CT
9618,Terrorist
9619,CT
9620,CT
9621,CT
9622,Terrorist
9623,Terrorist
9624,Terrorist
9625,CT
9626,Terrorist
9627,Terrorist
9628,CT
9629,Terrorist
9630,Terrorist
9631,CT
9632,CT
9633,CT
9634,Terrorist
9635,Terrorist
9636,Terrorist
9637,Terrorist
9638,CT
9639,CT
9640,CT
9641,CT
9642,CT
9643,CT
9644,CT
9645,Terrorist
9646,CT
9647,Terrorist
9648,CT
9649,CT
9650,CT
9651,Terrorist
9652,CT
9653,CT
9654,Terrorist
9655,Terrorist
9656,CT
9657,CT
9658,Terrorist
9659,CT
9660,CT
9661,Terrorist
9662,Terrorist
9663,Terrorist
9664,Terrorist
9665,CT
9666,CT
9667,CT
9668,CT
9669,CT
9670,Terrorist
9671,CT
9672,Terrorist
9673,Terrorist
9674,Terrorist
9675,CT
9676,Terrorist
9677,Terrorist
9678,Terrorist
9679,Terrorist
9680,CT
9681,CT
9682,Terrorist
9683,CT
9684,CT
9685,CT
9686,CT
9687,Terrorist
9688,CT
9689,Terrorist
9690,CT
9691,Terrorist
9692,CT
9693,CT
9694,Terrorist
9695,Terrorist
9696,Terrorist
9697,Terrorist
9698,CT
9699,CT
9700,CT
9701,CT
9702,CT
9703,Terrorist
9704,Terrorist
9705,CT
9706,CT
9707,CT
9708,CT
9709,CT
9710,CT
9711,CT
9712,CT
9713,Terrorist
9714,CT
9715,Terrorist
9716,Terrorist
9717,CT
9718,Terrorist
9719,CT
9720,CT
9721,CT
9722,Terrorist
9723,CT
9724,Terrorist
9725,Terrorist
9726,CT
9727,CT
9728,Terrorist
9729,Terrorist
9730,CT
9731,Terrorist
9732,CT
9733,CT
9734,CT
9735,Terrorist
9736,Terrorist
9737,Terrorist
9738,Terrorist
9739,Terrorist
9740,CT
9741,Terrorist
9742,Terrorist
9743,Terrorist
9744,Terrorist
9745,CT
9746,Terrorist
9747,Terrorist
9748,CT
9749,Terrorist
9750,Terrorist
9751,CT
9752,CT
9753,Terrorist
9754,Terrorist
9755,CT
9756,Terrorist
9757,Terrorist
9758,CT
9759,Terrorist
9760,Terrorist
9761,CT
9762,CT
9763,Terrorist
9764,Terrorist
9765,CT
9766,Terrorist
9767,CT
9768,Terrorist
9769,Terrorist
9770,Terrorist
9771,CT
9772,CT
9773,CT
9774,CT
9775,Terrorist
9776,Terrorist
9777,CT
9778,Terrorist
9779,CT
9780,CT
9781,Terrorist
9782,Terrorist
9783,Terrorist
9784,CT
9785,Terrorist
9786,Terrorist
9787,CT
9788,CT
9789,CT
9790,Terrorist
9791,Terrorist
9792,CT
9793,CT
9794,Terrorist
9795,CT
9796,CT
9797,Terrorist
9798,CT
9799,CT
9800,CT
9801,Terrorist
9802,CT
9803,Terrorist
9804,Terrorist
9805,Terrorist
9806,CT
9807,Terrorist
9808,CT
9809,Terrorist
9810,Terrorist
9811,CT
9812,CT
9813,Terrorist
9814,CT
9815,CT
9816,Terrorist
9817,Terrorist
9818,CT
9819,CT
9820,CT
9821,CT
9822,Terrorist
9823,Terrorist
9824,Terrorist
9825,Terrorist
9826,Terrorist
9827,Terrorist
9828,Terrorist
9829,Terrorist
9830,Terrorist
9831,Terrorist
9832,CT
9833,CT
9834,CT
9835,Terrorist
9836,CT
9837,CT
9838,CT
9839,CT
9840,CT
9841,CT
9842,Terrorist
9843,CT
9844,Terrorist
9845,CT
9846,Terrorist
9847,CT
9848,CT
9849,CT
9850,Terrorist
9851,Terrorist
9852,Terrorist
9853,Terrorist
9854,CT
9855,CT
9856,CT
9857,Terrorist
9858,Terrorist
9859,Terrorist
9860,Terrorist
9861,CT
9862,Terrorist
9863,Terrorist
9864,Terrorist
9865,CT
9866,Terrorist
9867,CT
9868,CT
9869,CT
9870,Terrorist
9871,CT
9872,CT
9873,CT
9874,CT
9875,CT
9876,Terrorist
9877,Terrorist
9878,CT
9879,Terrorist
9880,CT
9881,CT
9882,CT
9883,Terrorist
9884,Terrorist
9885,CT
9886,Terrorist
9887,Terrorist
9888,CT
9889,Terrorist
9890,CT
9891,Terrorist
9892,CT
9893,Terrorist
9894,CT
9895,CT
9896,CT
9897,CT
9898,Terrorist
9899,CT
9900,CT
9901,CT
9902,CT
9903,CT
9904,CT
9905,CT
9906,CT
9907,CT
9908,CT
9909,CT
9910,CT
9911,Terrorist
9912,CT
9913,CT
9914,CT
9915,CT
9916,CT
9917,CT
9918,CT
9919,CT
9920,Terrorist
9921,CT
9922,CT
9923,Terrorist
9924,Terrorist
9925,Terrorist
9926,Terrorist
9927,CT
9928,CT
9929,CT
9930,CT
9931,Terrorist
9932,Terrorist
9933,CT
9934,CT
9935,CT
9936,CT
9937,Terrorist
9938,CT
9939,CT
9940,CT
9941,Terrorist
9942,Terrorist
9943,Terrorist
9944,Terrorist
9945,CT
9946,CT
9947,CT
9948,CT
9949,CT
9950,Terrorist
9951,Terrorist
9952,CT
9953,CT
9954,CT
9955,Terrorist
9956,CT
9957,CT
9958,CT
9959,Terrorist
9960,Terrorist
9961,CT
9962,CT
9963,CT
9964,CT
9965,CT
9966,Terrorist
9967,CT
9968,CT
9969,Terrorist
9970,CT
9971,Terrorist
9972,Terrorist
9973,CT
9974,CT
9975,Terrorist
9976,Terrorist
9977,Terrorist
9978,Terrorist
9979,CT
9980,Terrorist
9981,Terrorist
9982,Terrorist
9983,Terrorist
9984,CT
9985,CT
9986,Terrorist
9987,CT
9988,CT
9989,CT
9990,CT
9991,Terrorist
9992,Terrorist
9993,Terrorist
9994,Terrorist
9995,Terrorist
9996,CT
9997,Terrorist
9998,Terrorist
9999,CT
10000,CT
10001,CT
10002,CT
10003,CT
10004,Terrorist
10005,Terrorist
10006,Terrorist
10007,Terrorist
10008,Terrorist
10009,Terrorist
10010,Terrorist
10011,CT
10012,CT
10013,CT
10014,Terrorist
10015,CT
10016,CT
10017,Terrorist
10018,Terrorist
10019,CT
10020,CT
10021,CT
10022,CT
10023,Terrorist
10024,CT
10025,Terrorist
10026,CT
10027,CT
10028,Terrorist
10029,CT
10030,CT
10031,Terrorist
10032,CT
10033,Terrorist
10034,CT
10035,CT
10036,CT
10037,Terrorist
10038,CT
10039,CT
10040,Terrorist
10041,CT
10042,CT
10043,Terrorist
10044,CT
10045,CT
10046,CT
10047,CT
10048,Terrorist
10049,Terrorist
10050,CT
10051,Terrorist
10052,CT
10053,Terrorist
10054,CT
10055,Terrorist
10056,CT
10057,CT
10058,Terrorist
10059,CT
10060,CT
10061,CT
10062,Terrorist
10063,Terrorist
10064,Terrorist
10065,CT
10066,Terrorist
10067,CT
10068,Terrorist
10069,CT
10070,CT
10071,CT
10072,Terrorist
10073,CT
10074,CT
10075,CT
10076,CT
10077,Terrorist
10078,Terrorist
10079,CT
10080,CT
10081,Terrorist
10082,CT
10083,CT
10084,CT
10085,CT
10086,Terrorist
10087,CT
10088,Terrorist
10089,CT
10090,Terrorist
10091,CT
10092,CT
10093,CT
10094,CT
10095,Terrorist
10096,CT
10097,Terrorist
10098,Terrorist
10099,CT
10100,CT
10101,Terrorist
10102,CT
10103,CT
10104,Terrorist
10105,Terrorist
10106,Terrorist
10107,CT
10108,CT
10109,Terrorist
10110,Terrorist
10111,CT
10112,CT
10113,CT
10114,CT
10115,CT
10116,CT
10117,CT
10118,Terrorist
10119,CT
10120,Terrorist
10121,Terrorist
10122,Terrorist
10123,Terrorist
10124,Terrorist
10125,CT
10126,Terrorist
10127,CT
10128,CT
10129,CT
10130,CT
10131,Terrorist
10132,CT
10133,Terrorist
10134,Terrorist
10135,Terrorist
10136,Terrorist
10137,Terrorist
10138,CT
10139,CT
10140,CT
10141,CT
10142,Terrorist
10143,Terrorist
10144,CT
10145,Terrorist
10146,Terrorist
10147,Terrorist
10148,CT
10149,Terrorist
10150,CT
10151,Terrorist
10152,Terrorist
10153,CT
10154,CT
10155,CT
10156,Terrorist
10157,Terrorist
10158,Terrorist
10159,Terrorist
10160,CT
10161,Terrorist
10162,Terrorist
10163,CT
10164,Terrorist
10165,CT
10166,CT
10167,CT
10168,Terrorist
10169,Terrorist
10170,Terrorist
10171,CT
10172,CT
10173,Terrorist
10174,Terrorist
10175,CT
10176,Terrorist
10177,CT
10178,CT
10179,Terrorist
10180,CT
10181,CT
10182,Terrorist
10183,Terrorist
10184,CT
10185,Terrorist
10186,CT
10187,CT
10188,Terrorist
10189,CT
10190,CT
10191,Terrorist
10192,Terrorist
10193,Terrorist
10194,CT
10195,CT
10196,Terrorist
10197,Terrorist
10198,Terrorist
10199,CT
10200,CT
10201,Terrorist
10202,CT
10203,Terrorist
10204,Terrorist
10205,Terrorist
10206,Terrorist
10207,CT
10208,CT
10209,Terrorist
10210,CT
10211,CT
10212,Terrorist
10213,CT
10214,Terrorist
10215,CT
10216,Terrorist
10217,Terrorist
10218,Terrorist
10219,CT
10220,Terrorist
10221,CT
10222,Terrorist
10223,Terrorist
10224,Terrorist
10225,CT
10226,CT
10227,CT
10228,CT
10229,Terrorist
10230,CT
10231,CT
10232,CT
10233,CT
10234,CT
10235,CT
10236,Terrorist
10237,Terrorist
10238,Terrorist
10239,Terrorist
10240,Terrorist
10241,CT
10242,CT
10243,Terrorist
10244,CT
10245,Terrorist
10246,CT
10247,CT
10248,CT
10249,CT
10250,Terrorist
10251,Terrorist
10252,CT
10253,Terrorist
10254,Terrorist
10255,CT
10256,Terrorist
10257,Terrorist
10258,Terrorist
10259,Terrorist
10260,CT
10261,CT
10262,Terrorist
10263,Terrorist
10264,CT
10265,Terrorist
10266,CT
10267,CT
10268,Terrorist
10269,Terrorist
10270,Terrorist
10271,CT
10272,Terrorist
10273,CT
10274,CT
10275,CT
10276,CT
10277,CT
10278,Terrorist
10279,CT
10280,Terrorist
10281,CT
10282,Terrorist
10283,CT
10284,Terrorist
10285,Terrorist
10286,CT
10287,CT
10288,CT
10289,Terrorist
10290,Terrorist
10291,Terrorist
10292,Terrorist
10293,Terrorist
10294,Terrorist
10295,Terrorist
10296,CT
10297,CT
10298,Terrorist
10299,CT
10300,CT
10301,Terrorist
10302,CT
10303,CT
10304,Terrorist
10305,Terrorist
10306,CT
10307,CT
10308,CT
10309,CT
10310,Terrorist
10311,Terrorist
10312,Terrorist
10313,Terrorist
10314,Terrorist
10315,Terrorist
10316,Terrorist
10317,CT
10318,Terrorist
10319,Terrorist
10320,CT
10321,Terrorist
10322,Terrorist
10323,CT
10324,CT
10325,Terrorist
10326,Terrorist
10327,Terrorist
10328,CT
10329,Terrorist
10330,CT
10331,CT
10332,CT
10333,Terrorist
10334,CT
10335,CT
10336,CT
10337,CT
10338,CT
10339,CT
10340,Terrorist
10341,CT
10342,Terrorist
10343,Terrorist
10344,Terrorist
10345,CT
10346,Terrorist
10347,Terrorist
10348,Terrorist
10349,Terrorist
10350,Terrorist
10351,CT
10352,CT
10353,CT
10354,CT
10355,CT
10356,Terrorist
10357,CT
10358,Terrorist
10359,CT
10360,CT
10361,Terrorist
10362,Terrorist
10363,CT
10364,Terrorist
10365,CT
10366,Terrorist
10367,CT
10368,CT
10369,CT
10370,CT
10371,Terrorist
10372,CT
10373,Terrorist
10374,CT
10375,Terrorist
10376,Terrorist
10377,Terrorist
10378,CT
10379,CT
10380,Terrorist
10381,Terrorist
10382,CT
10383,Terrorist
10384,Terrorist
10385,CT
10386,Terrorist
10387,CT
10388,CT
10389,CT
10390,Terrorist
10391,CT
10392,CT
10393,CT
10394,CT
10395,CT
10396,Terrorist
10397,Terrorist
10398,Terrorist
10399,CT
10400,CT
10401,CT
10402,CT
10403,CT
10404,CT
10405,CT
10406,Terrorist
10407,Terrorist
10408,Terrorist
10409,Terrorist
10410,Terrorist
10411,Terrorist
10412,CT
10413,CT
10414,Terrorist
10415,CT
10416,Terrorist
10417,CT
10418,Terrorist
10419,Terrorist
10420,Terrorist
10421,Terrorist
10422,Terrorist
10423,Terrorist
10424,Terrorist
10425,Terrorist
10426,Terrorist
10427,CT
10428,CT
10429,CT
10430,Terrorist
10431,Terrorist
10432,CT
10433,CT
10434,CT
10435,Terrorist
10436,CT
10437,Terrorist
10438,CT
10439,Terrorist
10440,Terrorist
10441,CT
10442,CT
10443,CT
10444,Terrorist
10445,CT
10446,Terrorist
10447,CT
10448,Terrorist
10449,Terrorist
10450,CT
10451,CT
10452,Terrorist
10453,CT
10454,Terrorist
10455,CT
10456,CT
10457,Terrorist
10458,Terrorist
10459,CT
10460,CT
10461,Terrorist
10462,CT
10463,CT
10464,Terrorist
10465,CT
10466,Terrorist
10467,CT
10468,Terrorist
10469,CT
10470,Terrorist
10471,CT
10472,CT
10473,Terrorist
10474,Terrorist
10475,CT
10476,CT
10477,CT
10478,CT
10479,Terrorist
10480,CT
10481,CT
10482,CT
10483,CT
10484,CT
10485,Terrorist
10486,Terrorist
10487,Terrorist
10488,CT
10489,CT
10490,CT
10491,Terrorist
10492,Terrorist
10493,Terrorist
10494,Terrorist
10495,Terrorist
10496,Terrorist
10497,Terrorist
10498,CT
10499,Terrorist
10500,CT
10501,CT
10502,CT
10503,CT
10504,Terrorist
10505,CT
10506,Terrorist
10507,CT
10508,Terrorist
10509,CT
10510,Terrorist
10511,CT
10512,Terrorist
10513,CT
10514,CT
10515,Terrorist
10516,CT
10517,CT
10518,CT
10519,Terrorist
10520,Terrorist
10521,Terrorist
10522,Terrorist
10523,Terrorist
10524,Terrorist
10525,Terrorist
10526,CT
10527,Terrorist
10528,Terrorist
10529,Terrorist
10530,CT
10531,CT
10532,Terrorist
10533,CT
10534,Terrorist
10535,CT
10536,CT
10537,Terrorist
10538,Terrorist
10539,CT
10540,Terrorist
10541,Terrorist
10542,CT
10543,CT
10544,Terrorist
10545,Terrorist
10546,CT
10547,CT
10548,Terrorist
10549,CT
10550,CT
10551,Terrorist
10552,Terrorist
10553,CT
10554,CT
10555,CT
10556,CT
10557,CT
10558,Terrorist
10559,Terrorist
10560,Terrorist
10561,CT
10562,CT
10563,CT
10564,Terrorist
10565,Terrorist
10566,CT
10567,CT
10568,CT
10569,CT
10570,Terrorist
10571,CT
10572,Terrorist
10573,Terrorist
10574,Terrorist
10575,CT
10576,Terrorist
10577,CT
10578,Terrorist
10579,Terrorist
10580,CT
10581,CT
10582,Terrorist
10583,Terrorist
10584,Terrorist
10585,Terrorist
10586,CT
10587,Terrorist
10588,Terrorist
10589,CT
10590,CT
10591,CT
10592,Terrorist
10593,CT
10594,CT
10595,CT
10596,CT
10597,CT
10598,Terrorist
10599,Terrorist
10600,Terrorist
10601,Terrorist
10602,Terrorist
10603,Terrorist
10604,CT
10605,CT
10606,Terrorist
10607,CT
10608,CT
10609,CT
10610,Terrorist
10611,Terrorist
10612,Terrorist
10613,Terrorist
10614,Terrorist
10615,Terrorist
10616,CT
10617,CT
10618,CT
10619,CT
10620,Terrorist
10621,Terrorist
10622,Terrorist
10623,CT
10624,CT
10625,Terrorist
10626,CT
10627,Terrorist
10628,Terrorist
10629,CT
10630,Terrorist
10631,CT
10632,CT
10633,Terrorist
10634,Terrorist
10635,CT
10636,Terrorist
10637,CT
10638,CT
10639,CT
10640,Terrorist
10641,Terrorist
10642,Terrorist
10643,CT
10644,Terrorist
10645,Terrorist
10646,CT
10647,Terrorist
10648,Terrorist
10649,CT
10650,Terrorist
10651,CT
10652,Terrorist
10653,Terrorist
10654,Terrorist
10655,Terrorist
10656,CT
10657,Terrorist
10658,CT
10659,Terrorist
10660,Terrorist
10661,CT
10662,CT
10663,Terrorist
10664,Terrorist
10665,CT
10666,Terrorist
10667,CT
10668,CT
10669,Terrorist
10670,CT
10671,Terrorist
10672,Terrorist
10673,CT
10674,CT
10675,CT
10676,Terrorist
10677,CT
10678,Terrorist
10679,Terrorist
10680,Terrorist
10681,CT
10682,Terrorist
10683,Terrorist
10684,Terrorist
10685,CT
10686,CT
10687,CT
10688,Terrorist
10689,Terrorist
10690,CT
10691,CT
10692,Terrorist
10693,CT
10694,CT
10695,CT
10696,Terrorist
10697,CT
10698,CT
10699,Terrorist
10700,CT
10701,CT
10702,CT
10703,CT
10704,Terrorist
10705,CT
10706,CT
10707,Terrorist
10708,CT
10709,CT
10710,CT
10711,Terrorist
10712,Terrorist
10713,CT
10714,CT
10715,CT
10716,Terrorist
10717,Terrorist
10718,CT
10719,CT
10720,Terrorist
10721,CT
10722,CT
10723,Terrorist
10724,CT
10725,CT
10726,CT
10727,CT
10728,Terrorist
10729,Terrorist
10730,Terrorist
10731,Terrorist
10732,Terrorist
10733,Terrorist
10734,CT
10735,CT
10736,CT
10737,CT
10738,CT
10739,Terrorist
10740,Terrorist
10741,CT
10742,Terrorist
10743,Terrorist
10744,Terrorist
10745,CT
10746,Terrorist
10747,CT
10748,CT
10749,Terrorist
10750,Terrorist
10751,Terrorist
10752,Terrorist
10753,CT
10754,Terrorist
10755,CT
10756,CT
10757,Terrorist
10758,CT
10759,Terrorist
10760,Terrorist
10761,CT
10762,CT
10763,Terrorist
10764,Terrorist
10765,CT
10766,CT
10767,Terrorist
10768,CT
10769,CT
10770,Terrorist
10771,Terrorist
10772,CT
10773,CT
10774,Terrorist
10775,CT
10776,CT
10777,CT
10778,Terrorist
10779,CT
10780,CT
10781,CT
10782,CT
10783,CT
10784,CT
10785,CT
10786,Terrorist
10787,CT
10788,Terrorist
10789,Terrorist
10790,CT
10791,Terrorist
10792,CT
10793,CT
10794,Terrorist
10795,CT
10796,Terrorist
10797,CT
10798,CT
10799,Terrorist
10800,CT
10801,Terrorist
10802,CT
10803,CT
10804,Terrorist
10805,CT
10806,CT
10807,CT
10808,Terrorist
10809,CT
10810,CT
10811,CT
10812,CT
10813,Terrorist
10814,Terrorist
10815,CT
10816,Terrorist
10817,CT
10818,Terrorist
10819,CT
10820,Terrorist
10821,CT
10822,Terrorist
10823,CT
10824,Terrorist
10825,Terrorist
10826,CT
10827,Terrorist
10828,CT
10829,Terrorist
10830,CT
10831,Terrorist
10832,CT
10833,CT
10834,Terrorist
10835,CT
10836,Terrorist
10837,Terrorist
10838,CT
10839,Terrorist
10840,Terrorist
10841,Terrorist
10842,CT
10843,CT
10844,Terrorist
10845,Terrorist
10846,CT
10847,CT
10848,Terrorist
10849,CT
10850,Terrorist
10851,CT
10852,Terrorist
10853,CT
10854,CT
10855,Terrorist
10856,CT
10857,Terrorist
10858,CT
10859,Terrorist
10860,CT
10861,CT
10862,CT
10863,CT
10864,Terrorist
10865,Terrorist
10866,CT
10867,Terrorist
10868,Terrorist
10869,Terrorist
10870,Terrorist
10871,Terrorist
10872,CT
10873,CT
10874,CT
10875,CT
10876,Terrorist
10877,Terrorist
10878,CT
10879,Terrorist
10880,Terrorist
10881,Terrorist
10882,CT
10883,Terrorist
10884,Terrorist
10885,CT
10886,Terrorist
10887,Terrorist
10888,Terrorist
10889,Terrorist
10890,CT
10891,Terrorist
10892,CT
10893,CT
10894,Terrorist
10895,CT
10896,CT
10897,CT
10898,CT
10899,Terrorist
10900,CT
10901,CT
10902,CT
10903,CT
10904,Terrorist
10905,CT
10906,CT
10907,CT
10908,CT
10909,Terrorist
10910,CT
10911,CT
10912,CT
10913,CT
10914,Terrorist
10915,Terrorist
10916,Terrorist
10917,CT
10918,CT
10919,Terrorist
10920,CT
10921,Terrorist
10922,Terrorist
10923,CT
10924,Terrorist
10925,CT
10926,CT
10927,CT
10928,CT
10929,Terrorist
10930,CT
10931,CT
10932,CT
10933,CT
10934,Terrorist
10935,CT
10936,Terrorist
10937,CT
10938,CT
10939,CT
10940,CT
10941,CT
10942,Terrorist
10943,CT
10944,Terrorist
10945,Terrorist
10946,CT
10947,CT
10948,Terrorist
10949,CT
10950,CT
10951,Terrorist
10952,Terrorist
10953,CT
10954,Terrorist
10955,Terrorist
10956,Terrorist
10957,Terrorist
10958,CT
10959,CT
10960,Terrorist
10961,Terrorist
10962,CT
10963,CT
10964,CT
10965,CT
10966,Terrorist
10967,Terrorist
10968,Terrorist
10969,CT
10970,Terrorist
10971,CT
10972,CT
10973,Terrorist
10974,Terrorist
10975,Terrorist
10976,CT
10977,CT
10978,Terrorist
10979,Terrorist
10980,CT
10981,CT
10982,CT
10983,CT
10984,Terrorist
10985,CT
10986,CT
10987,Terrorist
10988,Terrorist
10989,Terrorist
10990,Terrorist
10991,Terrorist
10992,CT
10993,Terrorist
10994,Terrorist
10995,Terrorist
10996,CT
10997,Terrorist
10998,CT
10999,CT
11000,CT
11001,Terrorist
11002,CT
11003,Terrorist
11004,Terrorist
11005,CT
11006,Terrorist
11007,CT
11008,CT
11009,CT
11010,Terrorist
11011,CT
11012,CT
11013,Terrorist
11014,Terrorist
11015,CT
11016,CT
11017,Terrorist
11018,Terrorist
11019,Terrorist
11020,CT
11021,CT
11022,CT
11023,CT
11024,CT
11025,CT
11026,Terrorist
11027,CT
11028,Terrorist
11029,CT
11030,CT
11031,Terrorist
11032,Terrorist
11033,Terrorist
11034,CT
11035,CT
11036,Terrorist
11037,Terrorist
11038,CT
11039,CT
11040,Terrorist
11041,CT
11042,Terrorist
11043,CT
11044,Terrorist
11045,Terrorist
11046,CT
11047,CT
11048,CT
11049,Terrorist
11050,CT
11051,CT
11052,CT
11053,CT
11054,Terrorist
11055,CT
11056,Terrorist
11057,CT
11058,Terrorist
11059,Terrorist
11060,CT
11061,Terrorist
11062,CT
11063,Terrorist
11064,CT
11065,CT
11066,Terrorist
11067,CT
11068,Terrorist
11069,Terrorist
11070,Terrorist
11071,CT
11072,Terrorist
11073,CT
11074,Terrorist
11075,CT
11076,Terrorist
11077,Terrorist
11078,CT
11079,CT
11080,CT
11081,CT
11082,Terrorist
11083,CT
11084,CT
11085,Terrorist
11086,CT
11087,CT
11088,CT
11089,CT
11090,CT
11091,CT
11092,Terrorist
11093,CT
11094,Terrorist
11095,CT
11096,CT
11097,CT
11098,Terrorist
11099,Terrorist
11100,CT
11101,Terrorist
11102,Terrorist
11103,CT
11104,CT
11105,CT
11106,Terrorist
11107,CT
11108,CT
11109,CT
11110,CT
11111,CT
11112,Terrorist
11113,CT
11114,CT
11115,CT
11116,Terrorist
11117,Terrorist
11118,Terrorist
11119,Terrorist
11120,Terrorist
11121,CT
11122,Terrorist
11123,Terrorist
11124,Terrorist
11125,CT
11126,CT
11127,CT
11128,CT
11129,CT
11130,CT
11131,Terrorist
11132,CT
11133,Terrorist
11134,CT
11135,Terrorist
11136,Terrorist
11137,CT
11138,CT
11139,CT
11140,CT
11141,CT
11142,CT
11143,Terrorist
11144,CT
11145,Terrorist
11146,Terrorist
11147,Terrorist
11148,CT
11149,Terrorist
11150,Terrorist
11151,Terrorist
11152,Terrorist
11153,Terrorist
11154,CT
11155,CT
11156,CT
11157,Terrorist
11158,Terrorist
11159,CT
11160,CT
11161,CT
11162,Terrorist
11163,CT
11164,Terrorist
11165,CT
11166,Terrorist
11167,CT
11168,CT
11169,Terrorist
11170,CT
11171,CT
11172,Terrorist
11173,Terrorist
11174,CT
11175,CT
11176,CT
11177,CT
11178,Terrorist
11179,CT
11180,CT
11181,Terrorist
11182,Terrorist
11183,CT
11184,Terrorist
11185,Terrorist
11186,CT
11187,Terrorist
11188,Terrorist
11189,Terrorist
11190,Terrorist
11191,Terrorist
11192,CT
11193,CT
11194,CT
11195,Terrorist
11196,Terrorist
11197,Terrorist
11198,Terrorist
11199,CT
11200,Terrorist
11201,CT
11202,CT
11203,CT
11204,Terrorist
11205,CT
11206,CT
11207,Terrorist
11208,CT
11209,Terrorist
11210,Terrorist
11211,CT
11212,CT
11213,Terrorist
11214,Terrorist
11215,CT
11216,Terrorist
11217,CT
11218,Terrorist
11219,CT
11220,Terrorist
11221,CT
11222,CT
11223,CT
11224,Terrorist
11225,Terrorist
11226,CT
11227,Terrorist
11228,CT
11229,Terrorist
11230,Terrorist
11231,CT
11232,CT
11233,CT
11234,CT
11235,Terrorist
11236,CT
11237,CT
11238,CT
11239,CT
11240,CT
11241,Terrorist
11242,Terrorist
11243,CT
11244,CT
11245,CT
11246,CT
11247,CT
11248,CT
11249,Terrorist
11250,CT
11251,CT
11252,CT
11253,Terrorist
11254,Terrorist
11255,Terrorist
11256,CT
11257,CT
11258,CT
11259,CT
11260,Terrorist
11261,Terrorist
11262,Terrorist
11263,CT
11264,CT
11265,Terrorist
11266,CT
11267,CT
11268,Terrorist
11269,Terrorist
11270,CT
11271,CT
11272,CT
11273,CT
11274,CT
11275,CT
11276,CT
11277,CT
11278,CT
11279,Terrorist
11280,Terrorist
11281,CT
11282,CT
11283,CT
11284,Terrorist
11285,CT
11286,Terrorist
11287,Terrorist
11288,CT
11289,Terrorist
11290,Terrorist
11291,Terrorist
11292,CT
11293,Terrorist
11294,Terrorist
11295,CT
11296,Terrorist
11297,Terrorist
11298,Terrorist
11299,Terrorist
11300,CT
11301,Terrorist
11302,CT
11303,Terrorist
11304,Terrorist
11305,Terrorist
11306,CT
11307,Terrorist
11308,Terrorist
11309,Terrorist
11310,Terrorist
11311,Terrorist
11312,Terrorist
11313,CT
11314,Terrorist
11315,Terrorist
11316,Terrorist
11317,CT
11318,CT
11319,Terrorist
11320,Terrorist
11321,Terrorist
11322,Terrorist
11323,CT
11324,CT
11325,CT
11326,Terrorist
11327,CT
11328,Terrorist
11329,Terrorist
11330,Terrorist
11331,CT
11332,Terrorist
11333,CT
11334,Terrorist
11335,CT
11336,CT
11337,Terrorist
11338,CT
11339,CT
11340,Terrorist
11341,Terrorist
11342,Terrorist
11343,CT
11344,CT
11345,CT
11346,CT
11347,Terrorist
11348,Terrorist
11349,Terrorist
11350,Terrorist
11351,CT
11352,CT
11353,CT
11354,CT
11355,Terrorist
11356,Terrorist
11357,CT
11358,CT
11359,CT
11360,Terrorist
11361,Terrorist
11362,CT
11363,CT
11364,CT
11365,CT
11366,CT
11367,Terrorist
11368,Terrorist
11369,Terrorist
11370,Terrorist
11371,CT
11372,Terrorist
11373,Terrorist
11374,Terrorist
11375,CT
11376,Terrorist
11377,CT
11378,CT
11379,CT
11380,Terrorist
11381,CT
11382,Terrorist
11383,CT
11384,CT
11385,Terrorist
11386,CT
11387,Terrorist
11388,CT
11389,Terrorist
11390,Terrorist
11391,Terrorist
11392,CT
11393,CT
11394,CT
11395,CT
11396,CT
11397,CT
11398,CT
11399,Terrorist
11400,CT
11401,Terrorist
11402,Terrorist
11403,CT
11404,CT
11405,Terrorist
11406,Terrorist
11407,CT
11408,CT
11409,Terrorist
11410,CT
11411,CT
11412,Terrorist
11413,CT
11414,Terrorist
11415,CT
11416,CT
11417,CT
11418,Terrorist
11419,CT
11420,CT
11421,CT
11422,CT
11423,CT
11424,CT
11425,CT
11426,CT
11427,Terrorist
11428,CT
11429,CT
11430,CT
11431,CT
11432,CT
11433,Terrorist
11434,Terrorist
11435,Terrorist
11436,CT
11437,CT
11438,Terrorist
11439,CT
11440,CT
11441,Terrorist
11442,Terrorist
11443,CT
11444,CT
11445,Terrorist
11446,CT
11447,CT
11448,Terrorist
11449,CT
11450,Terrorist
11451,Terrorist
11452,CT
11453,CT
11454,Terrorist
11455,Terrorist
11456,CT
11457,Terrorist
11458,Terrorist
11459,CT
11460,CT
11461,Terrorist
11462,CT
11463,Terrorist
11464,CT
11465,CT
11466,Terrorist
11467,Terrorist
11468,Terrorist
11469,Terrorist
11470,Terrorist
11471,Terrorist
11472,Terrorist
11473,CT
11474,CT
11475,CT
11476,Terrorist
11477,CT
11478,Terrorist
11479,CT
11480,Terrorist
11481,Terrorist
11482,CT
11483,Terrorist
11484,Terrorist
11485,Terrorist
11486,CT
11487,CT
11488,Terrorist
11489,CT
11490,Terrorist
11491,Terrorist
11492,CT
11493,CT
11494,Terrorist
11495,Terrorist
11496,Terrorist
11497,CT
11498,Terrorist
11499,Terrorist
11500,Terrorist
11501,Terrorist
11502,CT
11503,Terrorist
11504,CT
11505,Terrorist
11506,Terrorist
11507,CT
11508,Terrorist
11509,CT
11510,CT
11511,Terrorist
11512,Terrorist
11513,CT
11514,CT
11515,CT
11516,CT
11517,CT
11518,CT
11519,Terrorist
11520,CT
11521,CT
11522,Terrorist
11523,CT
11524,CT
11525,CT
11526,CT
11527,CT
11528,Terrorist
11529,Terrorist
11530,CT
11531,CT
11532,CT
11533,CT
11534,CT
11535,CT
11536,CT
11537,Terrorist
11538,CT
11539,Terrorist
11540,CT
11541,CT
11542,Terrorist
11543,CT
11544,Terrorist
11545,CT
11546,CT
11547,CT
11548,Terrorist
11549,Terrorist
11550,Terrorist
11551,Terrorist
11552,CT
11553,CT
11554,Terrorist
11555,CT
11556,Terrorist
11557,Terrorist
11558,CT
11559,CT
11560,Terrorist
11561,CT
11562,CT
11563,CT
11564,CT
11565,CT
11566,Terrorist
11567,Terrorist
11568,Terrorist
11569,CT
11570,Terrorist
11571,Terrorist
11572,CT
11573,Terrorist
11574,Terrorist
11575,CT
11576,CT
11577,Terrorist
11578,CT
11579,CT
11580,CT
11581,Terrorist
11582,Terrorist
11583,Terrorist
11584,CT
11585,CT
11586,CT
11587,CT
11588,CT
11589,Terrorist
11590,CT
11591,Terrorist
11592,CT
11593,CT
11594,Terrorist
11595,CT
11596,Terrorist
11597,Terrorist
11598,CT
11599,Terrorist
11600,CT
11601,CT
11602,Terrorist
11603,Terrorist
11604,Terrorist
11605,Terrorist
11606,CT
11607,Terrorist
11608,CT
11609,Terrorist
11610,Terrorist
11611,CT
11612,CT
11613,CT
11614,Terrorist
11615,Terrorist
11616,CT
11617,Terrorist
11618,Terrorist
11619,CT
11620,Terrorist
11621,Terrorist
11622,Terrorist
11623,Terrorist
11624,Terrorist
11625,Terrorist
11626,CT
11627,Terrorist
11628,Terrorist
11629,CT
11630,CT
11631,CT
11632,Terrorist
11633,Terrorist
11634,Terrorist
11635,CT
11636,Terrorist
11637,CT
11638,Terrorist
11639,Terrorist
11640,Terrorist
11641,Terrorist
11642,CT
11643,Terrorist
11644,CT
11645,Terrorist
11646,Terrorist
11647,CT
11648,Terrorist
11649,Terrorist
11650,Terrorist
11651,CT
11652,Terrorist
11653,CT
11654,Terrorist
11655,CT
11656,CT
11657,CT
11658,CT
11659,Terrorist
11660,Terrorist
11661,CT
11662,Terrorist
11663,CT
11664,Terrorist
11665,Terrorist
11666,CT
11667,CT
11668,CT
11669,CT
11670,Terrorist
11671,CT
11672,CT
11673,Terrorist
11674,CT
11675,CT
11676,CT
11677,Terrorist
11678,CT
11679,Terrorist
11680,CT
11681,Terrorist
11682,Terrorist
11683,Terrorist
11684,Terrorist
11685,Terrorist
11686,CT
11687,CT
11688,CT
11689,Terrorist
11690,Terrorist
11691,Terrorist
11692,Terrorist
11693,CT
11694,CT
11695,Terrorist
11696,Terrorist
11697,CT
11698,Terrorist
11699,CT
11700,CT
11701,CT
11702,Terrorist
11703,Terrorist
11704,Terrorist
11705,Terrorist
11706,CT
11707,Terrorist
11708,Terrorist
11709,CT
11710,Terrorist
11711,Terrorist
11712,CT
11713,Terrorist
11714,Terrorist
11715,Terrorist
11716,CT
11717,CT
11718,Terrorist
11719,Terrorist
11720,CT
11721,CT
11722,Terrorist
11723,CT
11724,Terrorist
11725,Terrorist
11726,CT
11727,CT
11728,CT
11729,Terrorist
11730,CT
11731,CT
11732,Terrorist
11733,Terrorist
11734,Terrorist
11735,Terrorist
11736,Terrorist
11737,CT
11738,Terrorist
11739,Terrorist
11740,CT
11741,Terrorist
11742,Terrorist
11743,CT
11744,CT
11745,Terrorist
11746,CT
11747,CT
11748,CT
11749,Terrorist
11750,CT
11751,CT
11752,Terrorist
11753,CT
11754,CT
11755,CT
11756,Terrorist
11757,CT
11758,CT
11759,Terrorist
11760,CT
11761,CT
11762,Terrorist
11763,CT
11764,CT
11765,CT
11766,Terrorist
11767,Terrorist
11768,CT
11769,CT
11770,CT
11771,CT
11772,Terrorist
11773,Terrorist
11774,Terrorist
11775,CT
11776,Terrorist
11777,CT
11778,Terrorist
11779,CT
11780,CT
11781,Terrorist
11782,CT
11783,CT
11784,Terrorist
11785,Terrorist
11786,Terrorist
11787,CT
11788,CT
11789,CT
11790,Terrorist
11791,CT
11792,Terrorist
11793,CT
11794,Terrorist
11795,CT
11796,CT
11797,Terrorist
11798,Terrorist
11799,Terrorist
11800,Terrorist
11801,CT
11802,Terrorist
11803,Terrorist
11804,Terrorist
11805,Terrorist
11806,Terrorist
11807,Terrorist
11808,Terrorist
11809,CT
11810,Terrorist
11811,CT
11812,Terrorist
11813,Terrorist
11814,CT
11815,CT
11816,CT
11817,CT
11818,CT
11819,Terrorist
11820,Terrorist
11821,CT
11822,CT
11823,Terrorist
11824,Terrorist
11825,CT
11826,Terrorist
11827,Terrorist
11828,Terrorist
11829,Terrorist
11830,Terrorist
11831,CT
11832,CT
11833,CT
11834,Terrorist
11835,CT
11836,CT
11837,Terrorist
11838,CT
11839,Terrorist
11840,Terrorist
11841,CT
11842,CT
11843,Terrorist
11844,CT
11845,Terrorist
11846,CT
11847,CT
11848,Terrorist
11849,Terrorist
11850,Terrorist
11851,CT
11852,CT
11853,Terrorist
11854,CT
11855,CT
11856,CT
11857,Terrorist
11858,Terrorist
11859,Terrorist
11860,CT
11861,Terrorist
11862,Terrorist
11863,CT
11864,Terrorist
11865,CT
11866,Terrorist
11867,CT
11868,Terrorist
11869,Terrorist
11870,Terrorist
11871,CT
11872,Terrorist
11873,CT
11874,Terrorist
11875,Terrorist
11876,Terrorist
11877,CT
11878,CT
11879,CT
11880,Terrorist
11881,Terrorist
11882,Terrorist
11883,CT
11884,CT
11885,Terrorist
11886,CT
11887,CT
11888,Terrorist
11889,CT
11890,CT
11891,CT
11892,Terrorist
11893,Terrorist
11894,CT
11895,CT
11896,CT
11897,Terrorist
11898,CT
11899,CT
11900,CT
11901,CT
11902,CT
11903,CT
11904,CT
11905,CT
11906,CT
11907,Terrorist
11908,CT
11909,CT
11910,Terrorist
11911,CT
11912,CT
11913,CT
11914,CT
11915,Terrorist
11916,CT
11917,Terrorist
11918,Terrorist
11919,Terrorist
11920,Terrorist
11921,CT
11922,CT
11923,CT
11924,Terrorist
11925,CT
11926,CT
11927,Terrorist
11928,Terrorist
11929,Terrorist
11930,Terrorist
11931,Terrorist
11932,CT
11933,CT
11934,Terrorist
11935,CT
11936,Terrorist
11937,CT
11938,CT
11939,Terrorist
11940,CT
11941,CT
11942,CT
11943,Terrorist
11944,CT
11945,Terrorist
11946,Terrorist
11947,CT
11948,CT
11949,Terrorist
11950,CT
11951,CT
11952,Terrorist
11953,CT
11954,CT
11955,Terrorist
11956,CT
11957,Terrorist
11958,CT
11959,Terrorist
11960,CT
11961,CT
11962,CT
11963,Terrorist
11964,CT
11965,Terrorist
11966,CT
11967,Terrorist
11968,CT
11969,Terrorist
11970,Terrorist
11971,CT
11972,CT
11973,CT
11974,Terrorist
11975,Terrorist
11976,CT
11977,Terrorist
11978,Terrorist
11979,CT
11980,CT
11981,CT
11982,CT
11983,CT
11984,CT
11985,Terrorist
11986,Terrorist
11987,CT
11988,CT
11989,CT
11990,CT
11991,Terrorist
11992,CT
11993,Terrorist
11994,Terrorist
11995,CT
11996,CT
11997,Terrorist
11998,Terrorist
11999,CT
12000,CT
12001,Terrorist
12002,CT
12003,Terrorist
12004,CT
12005,Terrorist
12006,Terrorist
12007,CT
12008,Terrorist
12009,Terrorist
12010,Terrorist
12011,Terrorist
12012,Terrorist
12013,Terrorist
12014,CT
12015,Terrorist
12016,Terrorist
12017,Terrorist
12018,CT
12019,CT
12020,CT
12021,CT
12022,CT
12023,CT
12024,CT
12025,CT
12026,CT
12027,CT
12028,CT
12029,Terrorist
12030,CT
12031,Terrorist
12032,Terrorist
12033,CT
12034,Terrorist
12035,Terrorist
12036,CT
12037,Terrorist
12038,CT
12039,CT
12040,Terrorist
12041,CT
12042,CT
12043,CT
12044,CT
12045,CT
12046,Terrorist
12047,Terrorist
12048,CT
12049,CT
12050,CT
12051,CT
12052,Terrorist
12053,CT
12054,CT
12055,Terrorist
12056,CT
12057,Terrorist
12058,Terrorist
12059,Terrorist
12060,CT
12061,CT
12062,CT
12063,CT
12064,CT
12065,CT
12066,CT
12067,CT
12068,CT
12069,CT
12070,Terrorist
12071,CT
12072,CT
12073,CT
12074,CT
12075,Terrorist
12076,Terrorist
12077,CT
12078,CT
12079,CT
12080,CT
12081,CT
12082,CT
12083,Terrorist
12084,Terrorist
12085,Terrorist
12086,Terrorist
12087,Terrorist
12088,Terrorist
12089,Terrorist
12090,CT
12091,CT
12092,Terrorist
12093,Terrorist
12094,CT
12095,Terrorist
12096,CT
12097,Terrorist
12098,CT
12099,CT
12100,CT
12101,CT
12102,Terrorist
12103,CT
12104,CT
12105,CT
12106,CT
12107,CT
12108,Terrorist
12109,CT
12110,CT
12111,CT
12112,Terrorist
12113,CT
12114,Terrorist
12115,Terrorist
12116,CT
12117,Terrorist
12118,Terrorist
12119,CT
12120,CT
12121,CT
12122,Terrorist
12123,Terrorist
12124,Terrorist
12125,CT
12126,Terrorist
12127,Terrorist
12128,CT
12129,CT
12130,Terrorist
12131,Terrorist
12132,CT
12133,CT
12134,Terrorist
12135,CT
12136,Terrorist
12137,Terrorist
12138,Terrorist
12139,Terrorist
12140,CT
12141,Terrorist
12142,CT
12143,CT
12144,CT
12145,CT
12146,CT
12147,Terrorist
12148,CT
12149,CT
12150,CT
12151,Terrorist
12152,CT
12153,CT
12154,CT
12155,Terrorist
12156,CT
12157,Terrorist
12158,Terrorist
12159,CT
12160,CT
12161,CT
12162,CT
12163,CT
12164,Terrorist
12165,CT
12166,CT
12167,Terrorist
12168,Terrorist
12169,CT
12170,CT
12171,CT
12172,Terrorist
12173,CT
12174,Terrorist
12175,Terrorist
12176,Terrorist
12177,CT
12178,Terrorist
12179,Terrorist
12180,Terrorist
12181,CT
12182,CT
12183,Terrorist
12184,Terrorist
12185,Terrorist
12186,CT
12187,Terrorist
12188,Terrorist
12189,Terrorist
12190,Terrorist
12191,CT
12192,Terrorist
12193,Terrorist
12194,CT
12195,Terrorist
12196,Terrorist
12197,Terrorist
12198,CT
12199,CT
12200,CT
12201,CT
12202,CT
12203,Terrorist
12204,Terrorist
12205,CT
12206,CT
12207,Terrorist
12208,CT
12209,Terrorist
12210,Terrorist
12211,Terrorist
12212,CT
12213,CT
12214,CT
12215,CT
12216,Terrorist
12217,Terrorist
12218,Terrorist
12219,Terrorist
12220,Terrorist
12221,CT
12222,CT
12223,CT
12224,Terrorist
12225,CT
12226,CT
12227,Terrorist
12228,CT
12229,Terrorist
12230,CT
12231,Terrorist
12232,Terrorist
12233,Terrorist
12234,CT
12235,CT
12236,CT
12237,CT
12238,CT
12239,CT
12240,Terrorist
12241,Terrorist
12242,CT
12243,Terrorist
12244,CT
12245,CT
12246,CT
12247,CT
12248,CT
12249,Terrorist
12250,Terrorist
12251,Terrorist
12252,Terrorist
12253,CT
12254,CT
12255,Terrorist
12256,CT
12257,Terrorist
12258,Terrorist
12259,Terrorist
12260,Terrorist
12261,Terrorist
12262,CT
12263,Terrorist
12264,CT
12265,CT
12266,CT
12267,CT
12268,Terrorist
12269,CT
12270,Terrorist
12271,CT
12272,Terrorist
12273,Terrorist
12274,CT
12275,Terrorist
12276,CT
12277,CT
12278,CT
12279,CT
12280,CT
12281,Terrorist
12282,CT
12283,CT
12284,CT
12285,Terrorist
12286,CT
12287,Terrorist
12288,Terrorist
12289,Terrorist
12290,Terrorist
12291,Terrorist
12292,Terrorist
12293,Terrorist
12294,Terrorist
12295,Terrorist
12296,Terrorist
12297,CT
12298,Terrorist
12299,Terrorist
12300,Terrorist
12301,Terrorist
12302,Terrorist
12303,Terrorist
12304,CT
12305,CT
12306,Terrorist
12307,CT
12308,Terrorist
12309,CT
12310,CT
12311,CT
12312,Terrorist
12313,CT
12314,Terrorist
12315,Terrorist
12316,CT
12317,Terrorist
12318,CT
12319,CT
12320,CT
12321,Terrorist
12322,CT
12323,Terrorist
12324,CT
12325,Terrorist
12326,CT
12327,CT
12328,CT
12329,CT
12330,Terrorist
12331,CT
12332,Terrorist
12333,Terrorist
12334,CT
12335,CT
12336,CT
12337,CT
12338,CT
12339,CT
12340,Terrorist
12341,CT
12342,CT
12343,Terrorist
12344,CT
12345,CT
12346,CT
12347,CT
12348,Terrorist
12349,Terrorist
12350,CT
12351,Terrorist
12352,CT
12353,Terrorist
12354,Terrorist
12355,CT
12356,CT
12357,CT
12358,CT
12359,Terrorist
12360,Terrorist
12361,CT
12362,CT
12363,Terrorist
12364,CT
12365,CT
12366,CT
12367,Terrorist
12368,CT
12369,Terrorist
12370,CT
12371,CT
12372,CT
12373,Terrorist
12374,CT
12375,CT
12376,Terrorist
12377,CT
12378,Terrorist
12379,CT
12380,Terrorist
12381,CT
12382,CT
12383,Terrorist
12384,Terrorist
12385,Terrorist
12386,Terrorist
12387,CT
12388,CT
12389,Terrorist
12390,Terrorist
12391,CT
12392,Terrorist
12393,Terrorist
12394,Terrorist
12395,CT
12396,Terrorist
12397,Terrorist
12398,Terrorist
12399,CT
12400,Terrorist
12401,Terrorist
12402,CT
12403,Terrorist
12404,Terrorist
12405,CT
12406,CT
12407,Terrorist
12408,Terrorist
12409,CT
12410,Terrorist
12411,CT
12412,Terrorist
12413,Terrorist
12414,Terrorist
12415,Terrorist
12416,Terrorist
12417,Terrorist
12418,Terrorist
12419,Terrorist
12420,Terrorist
12421,Terrorist
12422,CT
12423,CT
12424,Terrorist
12425,Terrorist
12426,Terrorist
12427,CT
12428,CT
12429,CT
12430,CT
12431,CT
12432,CT
12433,Terrorist
12434,Terrorist
12435,Terrorist
12436,CT
12437,CT
12438,Terrorist
12439,Terrorist
12440,Terrorist
12441,CT
12442,Terrorist
12443,CT
12444,Terrorist
12445,Terrorist
12446,Terrorist
12447,Terrorist
12448,Terrorist
12449,Terrorist
12450,CT
12451,Terrorist
12452,Terrorist
12453,CT
12454,CT
12455,CT
12456,CT
12457,CT
12458,CT
12459,Terrorist
12460,CT
12461,CT
12462,CT
12463,CT
12464,CT
12465,Terrorist
12466,CT
12467,Terrorist
12468,Terrorist
12469,Terrorist
12470,CT
12471,CT
12472,CT
12473,CT
12474,CT
12475,CT
12476,Terrorist
12477,Terrorist
12478,Terrorist
12479,CT
12480,Terrorist
12481,CT
12482,CT
12483,CT
12484,Terrorist
12485,Terrorist
12486,CT
12487,CT
12488,CT
12489,Terrorist
12490,CT
12491,Terrorist
12492,Terrorist
12493,Terrorist
12494,CT
12495,Terrorist
12496,Terrorist
12497,CT
12498,Terrorist
12499,CT
12500,CT
12501,Terrorist
12502,CT
12503,Terrorist
12504,Terrorist
12505,CT
12506,CT
12507,Terrorist
12508,CT
12509,Terrorist
12510,Terrorist
12511,Terrorist
12512,Terrorist
12513,Terrorist
12514,Terrorist
12515,Terrorist
12516,Terrorist
12517,CT
12518,Terrorist
12519,CT
12520,CT
12521,Terrorist
12522,CT
12523,CT
12524,Terrorist
12525,Terrorist
12526,CT
12527,CT
12528,CT
12529,CT
12530,Terrorist
12531,CT
12532,CT
12533,Terrorist
12534,Terrorist
12535,CT
12536,Terrorist
12537,CT
12538,CT
12539,CT
12540,Terrorist
12541,Terrorist
12542,CT
12543,CT
12544,CT
12545,CT
12546,CT
12547,CT
12548,CT
12549,CT
12550,Terrorist
12551,Terrorist
12552,CT
12553,CT
12554,CT
12555,Terrorist
12556,CT
12557,Terrorist
12558,Terrorist
12559,CT
12560,CT
12561,Terrorist
12562,Terrorist
12563,Terrorist
12564,Terrorist
12565,Terrorist
12566,CT
12567,CT
12568,CT
12569,CT
12570,Terrorist
12571,CT
12572,Terrorist
12573,Terrorist
12574,Terrorist
12575,Terrorist
12576,CT
12577,CT
12578,Terrorist
12579,CT
12580,Terrorist
12581,CT
12582,CT
12583,CT
12584,Terrorist
12585,Terrorist
12586,CT
12587,Terrorist
12588,Terrorist
12589,Terrorist
12590,Terrorist
12591,Terrorist
12592,CT
12593,CT
12594,CT
12595,Terrorist
12596,Terrorist
12597,Terrorist
12598,CT
12599,Terrorist
12600,Terrorist
12601,Terrorist
12602,CT
12603,Terrorist
12604,CT
12605,Terrorist
12606,Terrorist
12607,CT
12608,Terrorist
12609,CT
12610,Terrorist
12611,Terrorist
12612,Terrorist
12613,Terrorist
12614,CT
12615,CT
12616,CT
12617,Terrorist
12618,Terrorist
12619,Terrorist
12620,Terrorist
12621,Terrorist
12622,Terrorist
12623,Terrorist
12624,Terrorist
12625,CT
12626,Terrorist
12627,CT
12628,Terrorist
12629,CT
12630,Terrorist
12631,CT
12632,CT
12633,CT
12634,CT
12635,CT
12636,CT
12637,Terrorist
12638,Terrorist
12639,CT
12640,Terrorist
12641,CT
12642,CT
12643,Terrorist
12644,Terrorist
12645,CT
12646,CT
12647,Terrorist
12648,Terrorist
12649,Terrorist
12650,Terrorist
12651,Terrorist
12652,Terrorist
12653,Terrorist
12654,Terrorist
12655,Terrorist
12656,Terrorist
12657,CT
12658,CT
12659,Terrorist
12660,CT
12661,CT
12662,CT
12663,CT
12664,Terrorist
12665,CT
12666,CT
12667,CT
12668,CT
12669,CT
12670,Terrorist
12671,Terrorist
12672,Terrorist
12673,CT
12674,Terrorist
12675,CT
12676,CT
12677,CT
12678,CT
12679,Terrorist
12680,Terrorist
12681,CT
12682,Terrorist
12683,CT
12684,Terrorist
12685,CT
12686,CT
12687,CT
12688,CT
12689,CT
12690,CT
12691,Terrorist
12692,CT
12693,Terrorist
12694,CT
12695,Terrorist
12696,CT
12697,CT
12698,Terrorist
12699,CT
12700,CT
12701,Terrorist
12702,CT
12703,CT
12704,Terrorist
12705,Terrorist
12706,Terrorist
12707,Terrorist
12708,Terrorist
12709,CT
12710,Terrorist
12711,CT
12712,Terrorist
12713,CT
12714,Terrorist
12715,Terrorist
12716,Terrorist
12717,Terrorist
12718,Terrorist
12719,CT
12720,Terrorist
12721,CT
12722,CT
12723,CT
12724,CT
12725,Terrorist
12726,CT
12727,CT
12728,Terrorist
12729,CT
12730,Terrorist
12731,Terrorist
12732,Terrorist
12733,Terrorist
12734,CT
12735,CT
12736,CT
12737,Terrorist
12738,Terrorist
12739,CT
12740,Terrorist
12741,Terrorist
12742,CT
12743,CT
12744,CT
12745,Terrorist
12746,CT
12747,Terrorist
12748,CT
12749,Terrorist
12750,CT
12751,Terrorist
12752,CT
12753,CT
12754,Terrorist
12755,CT
12756,CT
12757,CT
12758,Terrorist
12759,CT
12760,Terrorist
12761,CT
12762,Terrorist
12763,Terrorist
12764,CT
12765,CT
12766,Terrorist
12767,CT
12768,CT
12769,Terrorist
12770,CT
12771,Terrorist
12772,CT
12773,Terrorist
12774,Terrorist
12775,Terrorist
12776,CT
12777,Terrorist
12778,Terrorist
12779,Terrorist
12780,Terrorist
12781,CT
12782,CT
12783,Terrorist
12784,CT
12785,CT
12786,CT
12787,CT
12788,CT
12789,Terrorist
12790,Terrorist
12791,CT
12792,CT
12793,CT
12794,Terrorist
12795,CT
12796,CT
12797,CT
12798,CT
12799,CT
12800,Terrorist
12801,CT
12802,Terrorist
12803,Terrorist
12804,CT
12805,Terrorist
12806,CT
12807,CT
12808,Terrorist
12809,Terrorist
12810,Terrorist
12811,CT
12812,CT
12813,CT
12814,Terrorist
12815,CT
12816,Terrorist
12817,Terrorist
12818,Terrorist
12819,Terrorist
12820,Terrorist
12821,CT
12822,CT
12823,Terrorist
12824,CT
12825,CT
12826,CT
12827,CT
12828,CT
12829,Terrorist
12830,CT
12831,Terrorist
12832,CT
12833,CT
12834,CT
12835,CT
12836,CT
12837,Terrorist
12838,Terrorist
12839,CT
12840,Terrorist
12841,Terrorist
12842,Terrorist
12843,Terrorist
12844,Terrorist
12845,Terrorist
12846,Terrorist
12847,CT
12848,CT
12849,Terrorist
12850,Terrorist
12851,CT
12852,CT
12853,CT
12854,CT
12855,CT
12856,Terrorist
12857,Terrorist
12858,CT
12859,Terrorist
12860,Terrorist
12861,Terrorist
12862,Terrorist
12863,CT
12864,Terrorist
12865,Terrorist
12866,CT
12867,CT
12868,CT
12869,CT
12870,CT
12871,Terrorist
12872,CT
12873,CT
12874,Terrorist
12875,CT
12876,CT
12877,Terrorist
12878,Terrorist
12879,Terrorist
12880,Terrorist
12881,CT
12882,CT
12883,CT
12884,CT
12885,Terrorist
12886,Terrorist
12887,Terrorist
12888,Terrorist
12889,Terrorist
12890,CT
12891,Terrorist
12892,Terrorist
12893,CT
12894,CT
12895,Terrorist
12896,Terrorist
12897,CT
12898,CT
12899,Terrorist
12900,Terrorist
12901,CT
12902,CT
12903,CT
12904,CT
12905,CT
12906,CT
12907,Terrorist
12908,CT
12909,CT
12910,Terrorist
12911,Terrorist
12912,Terrorist
12913,Terrorist
12914,CT
12915,Terrorist
12916,CT
12917,Terrorist
12918,Terrorist
12919,Terrorist
12920,CT
12921,Terrorist
12922,CT
12923,Terrorist
12924,CT
12925,Terrorist
12926,Terrorist
12927,Terrorist
12928,Terrorist
12929,CT
12930,Terrorist
12931,Terrorist
12932,CT
12933,CT
12934,Terrorist
12935,CT
12936,CT
12937,CT
12938,Terrorist
12939,Terrorist
12940,CT
12941,Terrorist
12942,CT
12943,CT
12944,Terrorist
12945,Terrorist
12946,Terrorist
12947,Terrorist
12948,Terrorist
12949,Terrorist
12950,Terrorist
12951,Terrorist
12952,Terrorist
12953,Terrorist
12954,CT
12955,Terrorist
12956,CT
12957,Terrorist
12958,CT
12959,CT
12960,Terrorist
12961,CT
12962,CT
12963,CT
12964,CT
12965,CT
12966,Terrorist
12967,Terrorist
12968,Terrorist
12969,Terrorist
12970,Terrorist
12971,Terrorist
12972,Terrorist
12973,Terrorist
12974,Terrorist
12975,Terrorist
12976,Terrorist
12977,CT
12978,Terrorist
12979,Terrorist
12980,CT
12981,CT
12982,Terrorist
12983,CT
12984,Terrorist
12985,CT
12986,CT
12987,Terrorist
12988,Terrorist
12989,CT
12990,CT
12991,CT
12992,CT
12993,CT
12994,Terrorist
12995,Terrorist
12996,CT
12997,Terrorist
12998,CT
12999,CT
13000,CT
13001,Terrorist
13002,Terrorist
13003,CT
13004,CT
13005,Terrorist
13006,Terrorist
13007,Terrorist
13008,Terrorist
13009,CT
13010,Terrorist
13011,CT
13012,Terrorist
13013,Terrorist
13014,Terrorist
13015,Terrorist
13016,CT
13017,Terrorist
13018,Terrorist
13019,Terrorist
13020,CT
13021,CT
13022,CT
13023,CT
13024,CT
13025,CT
13026,CT
13027,Terrorist
13028,CT
13029,CT
13030,Terrorist
13031,Terrorist
13032,Terrorist
13033,CT
13034,Terrorist
13035,CT
13036,Terrorist
13037,Terrorist
13038,Terrorist
13039,CT
13040,Terrorist
13041,CT
13042,CT
13043,Terrorist
13044,Terrorist
13045,CT
13046,Terrorist
13047,CT
13048,CT
13049,Terrorist
13050,Terrorist
13051,CT
13052,Terrorist
13053,Terrorist
13054,CT
13055,CT
13056,CT
13057,CT
13058,Terrorist
13059,Terrorist
13060,CT
13061,CT
13062,CT
13063,Terrorist
13064,CT
13065,CT
13066,Terrorist
13067,Terrorist
13068,Terrorist
13069,Terrorist
13070,Terrorist
13071,Terrorist
13072,CT
13073,Terrorist
13074,CT
13075,CT
13076,CT
13077,CT
13078,Terrorist
13079,Terrorist
13080,CT
13081,Terrorist
13082,Terrorist
13083,CT
13084,Terrorist
13085,Terrorist
13086,CT
13087,Terrorist
13088,CT
13089,Terrorist
13090,CT
13091,CT
13092,Terrorist
13093,Terrorist
13094,Terrorist
13095,CT
13096,Terrorist
13097,Terrorist
13098,Terrorist
13099,Terrorist
13100,Terrorist
13101,Terrorist
13102,Terrorist
13103,Terrorist
13104,CT
13105,Terrorist
13106,Terrorist
13107,Terrorist
13108,Terrorist
13109,Terrorist
13110,CT
13111,CT
13112,Terrorist
13113,Terrorist
13114,CT
13115,Terrorist
13116,CT
13117,CT
13118,Terrorist
13119,Terrorist
13120,CT
13121,CT
13122,Terrorist
13123,CT
13124,CT
13125,Terrorist
13126,CT
13127,CT
13128,Terrorist
13129,CT
13130,Terrorist
13131,CT
13132,Terrorist
13133,Terrorist
13134,CT
13135,CT
13136,Terrorist
13137,CT
13138,Terrorist
13139,CT
13140,Terrorist
13141,Terrorist
13142,Terrorist
13143,Terrorist
13144,CT
13145,CT
13146,CT
13147,Terrorist
13148,Terrorist
13149,CT
13150,Terrorist
13151,Terrorist
13152,Terrorist
13153,Terrorist
13154,CT
13155,CT
13156,CT
13157,Terrorist
13158,Terrorist
13159,CT
13160,CT
13161,CT
13162,CT
13163,CT
13164,Terrorist
13165,Terrorist
13166,Terrorist
13167,Terrorist
13168,Terrorist
13169,Terrorist
13170,Terrorist
13171,CT
13172,CT
13173,CT
13174,Terrorist
13175,CT
13176,Terrorist
13177,CT
13178,Terrorist
13179,Terrorist
13180,Terrorist
13181,CT
13182,CT
13183,Terrorist
13184,Terrorist
13185,CT
13186,Terrorist
13187,CT
13188,Terrorist
13189,Terrorist
13190,CT
13191,Terrorist
13192,Terrorist
13193,CT
13194,CT
13195,CT
13196,Terrorist
13197,Terrorist
13198,Terrorist
13199,CT
13200,CT
13201,Terrorist
13202,Terrorist
13203,Terrorist
13204,Terrorist
13205,CT
13206,CT
13207,Terrorist
13208,Terrorist
13209,Terrorist
13210,CT
13211,Terrorist
13212,Terrorist
13213,CT
13214,Terrorist
13215,Terrorist
13216,CT
13217,Terrorist
13218,CT
13219,CT
13220,Terrorist
13221,Terrorist
13222,Terrorist
13223,Terrorist
13224,CT
13225,Terrorist
13226,CT
13227,Terrorist
13228,Terrorist
13229,CT
13230,CT
13231,Terrorist
13232,CT
13233,Terrorist
13234,Terrorist
13235,Terrorist
13236,CT
13237,CT
13238,CT
13239,CT
13240,CT
13241,CT
13242,CT
13243,CT
13244,CT
13245,CT
13246,Terrorist
13247,CT
13248,Terrorist
13249,Terrorist
13250,Terrorist
13251,CT
13252,CT
13253,CT
13254,Terrorist
13255,CT
13256,Terrorist
13257,Terrorist
13258,Terrorist
13259,Terrorist
13260,CT
13261,Terrorist
13262,Terrorist
13263,CT
13264,Terrorist
13265,Terrorist
13266,CT
13267,Terrorist
13268,Terrorist
13269,CT
13270,Terrorist
13271,CT
13272,Terrorist
13273,CT
13274,CT
13275,CT
13276,Terrorist
13277,CT
13278,CT
13279,CT
13280,Terrorist
13281,CT
13282,CT
13283,CT
13284,Terrorist
13285,CT
13286,CT
13287,Terrorist
13288,Terrorist
13289,Terrorist
13290,Terrorist
13291,CT
13292,CT
13293,CT
13294,Terrorist
13295,Terrorist
13296,Terrorist
13297,Terrorist
13298,CT
13299,CT
13300,CT
13301,CT
13302,CT
13303,CT
13304,Terrorist
13305,Terrorist
13306,CT
13307,Terrorist
13308,Terrorist
13309,Terrorist
13310,CT
13311,CT
13312,Terrorist
13313,CT
13314,Terrorist
13315,CT
13316,Terrorist
13317,CT
13318,Terrorist
13319,CT
13320,CT
13321,Terrorist
13322,CT
13323,CT
13324,CT
13325,CT
13326,CT
13327,Terrorist
13328,CT
13329,CT
13330,CT
13331,Terrorist
13332,CT
13333,CT
13334,CT
13335,CT
13336,CT
13337,CT
13338,CT
13339,Terrorist
13340,Terrorist
13341,Terrorist
13342,CT
13343,Terrorist
13344,Terrorist
13345,CT
13346,CT
13347,Terrorist
13348,Terrorist
13349,Terrorist
13350,Terrorist
13351,CT
13352,CT
13353,Terrorist
13354,CT
13355,Terrorist
13356,CT
13357,CT
13358,Terrorist
13359,Terrorist
13360,CT
13361,CT
13362,CT
13363,Terrorist
13364,CT
13365,CT
13366,CT
13367,Terrorist
13368,Terrorist
13369,CT
13370,CT
13371,CT
13372,CT
13373,CT
13374,CT
13375,Terrorist
13376,CT
13377,Terrorist
13378,Terrorist
13379,Terrorist
13380,Terrorist
13381,Terrorist
13382,CT
13383,Terrorist
13384,CT
13385,CT
13386,Terrorist
13387,Terrorist
13388,Terrorist
13389,Terrorist
13390,Terrorist
13391,Terrorist
13392,CT
13393,Terrorist
13394,CT
13395,CT
13396,Terrorist
13397,Terrorist
13398,Terrorist
13399,CT
13400,Terrorist
13401,Terrorist
13402,Terrorist
13403,CT
13404,CT
13405,CT
13406,Terrorist
13407,Terrorist
13408,Terrorist
13409,Terrorist
13410,Terrorist
13411,CT
13412,CT
13413,CT
13414,CT
13415,Terrorist
13416,Terrorist
13417,Terrorist
13418,CT
13419,CT
13420,CT
13421,CT
13422,CT
13423,Terrorist
13424,CT
13425,CT
13426,Terrorist
13427,CT
13428,CT
13429,Terrorist
13430,CT
13431,Terrorist
13432,CT
13433,CT
13434,CT
13435,Terrorist
13436,Terrorist
13437,Terrorist
13438,Terrorist
13439,CT
13440,CT
13441,CT
13442,Terrorist
13443,Terrorist
13444,Terrorist
13445,CT
13446,CT
13447,Terrorist
13448,Terrorist
13449,CT
13450,CT
13451,Terrorist
13452,Terrorist
13453,Terrorist
13454,Terrorist
13455,CT
13456,CT
13457,CT
13458,CT
13459,Terrorist
13460,Terrorist
13461,Terrorist
13462,Terrorist
13463,Terrorist
13464,CT
13465,CT
13466,Terrorist
13467,Terrorist
13468,Terrorist
13469,CT
13470,CT
13471,Terrorist
13472,Terrorist
13473,Terrorist
13474,CT
13475,Terrorist
13476,CT
13477,CT
13478,CT
13479,Terrorist
13480,CT
13481,Terrorist
13482,Terrorist
13483,Terrorist
13484,Terrorist
13485,Terrorist
13486,CT
13487,Terrorist
13488,Terrorist
13489,CT
13490,CT
13491,Terrorist
13492,Terrorist
13493,CT
13494,Terrorist
13495,Terrorist
13496,Terrorist
13497,Terrorist
13498,Terrorist
13499,CT
13500,CT
13501,CT
13502,CT
13503,CT
13504,CT
13505,Terrorist
13506,Terrorist
13507,Terrorist
13508,CT
13509,CT
13510,Terrorist
13511,CT
13512,CT
13513,Terrorist
13514,Terrorist
13515,Terrorist
13516,CT
13517,CT
13518,CT
13519,CT
13520,Terrorist
13521,Terrorist
13522,CT
13523,CT
13524,Terrorist
13525,CT
13526,CT
13527,Terrorist
13528,CT
13529,Terrorist
13530,CT
13531,CT
13532,CT
13533,CT
13534,CT
13535,Terrorist
13536,CT
13537,CT
13538,Terrorist
13539,Terrorist
13540,CT
13541,Terrorist
13542,Terrorist
13543,Terrorist
13544,Terrorist
13545,Terrorist
13546,CT
13547,CT
13548,Terrorist
13549,Terrorist
13550,CT
13551,CT
13552,CT
13553,CT
13554,Terrorist
13555,Terrorist
13556,Terrorist
13557,Terrorist
13558,CT
13559,Terrorist
13560,Terrorist
13561,CT
13562,Terrorist
13563,CT
13564,CT
13565,CT
13566,CT
13567,CT
13568,CT
13569,CT
13570,CT
13571,CT
13572,CT
13573,Terrorist
13574,CT
13575,Terrorist
13576,CT
13577,CT
13578,CT
13579,CT
13580,Terrorist
13581,Terrorist
13582,Terrorist
13583,CT
13584,Terrorist
13585,CT
13586,Terrorist
13587,CT
13588,Terrorist
13589,CT
13590,CT
13591,CT
13592,CT
13593,Terrorist
13594,Terrorist
13595,Terrorist
13596,Terrorist
13597,CT
13598,CT
13599,Terrorist
13600,CT
13601,Terrorist
13602,CT
13603,CT
13604,Terrorist
13605,CT
13606,Terrorist
13607,Terrorist
13608,Terrorist
13609,CT
13610,CT
13611,Terrorist
13612,CT
13613,Terrorist
13614,CT
13615,CT
13616,Terrorist
13617,Terrorist
13618,CT
13619,CT
13620,CT
13621,Terrorist
13622,Terrorist
13623,CT
13624,CT
13625,CT
13626,CT
13627,Terrorist
13628,CT
13629,CT
13630,CT
13631,CT
13632,Terrorist
13633,CT
13634,CT
13635,CT
13636,CT
13637,CT
13638,Terrorist
13639,CT
13640,CT
13641,Terrorist
13642,Terrorist
13643,CT
13644,CT
13645,CT
13646,Terrorist
13647,Terrorist
13648,Terrorist
13649,CT
13650,CT
13651,CT
13652,Terrorist
13653,CT
13654,Terrorist
13655,CT
13656,Terrorist
13657,Terrorist
13658,CT
13659,Terrorist
13660,CT
13661,CT
13662,CT
13663,CT
13664,Terrorist
13665,CT
13666,Terrorist
13667,Terrorist
13668,Terrorist
13669,CT
13670,CT
13671,CT
13672,CT
13673,Terrorist
13674,Terrorist
13675,Terrorist
13676,CT
13677,CT
13678,Terrorist
13679,Terrorist
13680,Terrorist
13681,CT
13682,Terrorist
13683,Terrorist
13684,CT
13685,CT
13686,CT
13687,Terrorist
13688,Terrorist
13689,Terrorist
13690,CT
13691,Terrorist
13692,CT
13693,Terrorist
13694,CT
13695,Terrorist
13696,CT
13697,Terrorist
13698,Terrorist
13699,Terrorist
13700,CT
13701,Terrorist
13702,CT
13703,CT
13704,Terrorist
13705,CT
13706,Terrorist
13707,CT
13708,Terrorist
13709,Terrorist
13710,CT
13711,Terrorist
13712,CT
13713,CT
13714,Terrorist
13715,Terrorist
13716,CT
13717,CT
13718,CT
13719,Terrorist
13720,CT
13721,Terrorist
13722,CT
13723,CT
13724,Terrorist
13725,Terrorist
13726,CT
13727,CT
13728,CT
13729,Terrorist
13730,Terrorist
13731,Terrorist
13732,CT
13733,Terrorist
13734,CT
13735,CT
13736,Terrorist
13737,CT
13738,Terrorist
13739,Terrorist
13740,CT
13741,CT
13742,Terrorist
13743,CT
13744,Terrorist
13745,CT
13746,Terrorist
13747,CT
13748,Terrorist
13749,CT
13750,CT
13751,CT
13752,CT
13753,CT
13754,CT
13755,CT
13756,CT
13757,Terrorist
13758,Terrorist
13759,CT
13760,CT
13761,CT
13762,Terrorist
13763,CT
13764,CT
13765,Terrorist
13766,Terrorist
13767,Terrorist
13768,CT
13769,CT
13770,Terrorist
13771,CT
13772,CT
13773,CT
13774,CT
13775,Terrorist
13776,CT
13777,CT
13778,CT
13779,CT
13780,Terrorist
13781,CT
13782,Terrorist
13783,CT
13784,Terrorist
13785,CT
13786,CT
13787,CT
13788,Terrorist
13789,Terrorist
13790,Terrorist
13791,Terrorist
13792,CT
13793,Terrorist
13794,CT
13795,Terrorist
13796,CT
13797,Terrorist
13798,CT
13799,CT
13800,Terrorist
13801,Terrorist
13802,CT
13803,Terrorist
13804,CT
13805,Terrorist
13806,Terrorist
13807,Terrorist
13808,Terrorist
13809,Terrorist
13810,Terrorist
13811,Terrorist
13812,CT
13813,Terrorist
13814,Terrorist
13815,CT
13816,Terrorist
13817,Terrorist
13818,Terrorist
13819,CT
13820,CT
13821,Terrorist
13822,Terrorist
13823,CT
13824,CT
13825,CT
13826,Terrorist
13827,Terrorist
13828,Terrorist
13829,CT
13830,Terrorist
13831,CT
13832,Terrorist
13833,CT
13834,Terrorist
13835,CT
13836,Terrorist
13837,CT
13838,Terrorist
13839,CT
13840,Terrorist
13841,CT
13842,CT
13843,Terrorist
13844,Terrorist
13845,Terrorist
13846,Terrorist
13847,CT
13848,CT
13849,Terrorist
13850,CT
13851,CT
13852,Terrorist
13853,CT
13854,CT
13855,CT
13856,CT
13857,CT
13858,CT
13859,CT
13860,Terrorist
13861,Terrorist
13862,Terrorist
13863,CT
13864,CT
13865,CT
13866,CT
13867,Terrorist
13868,Terrorist
13869,Terrorist
13870,Terrorist
13871,CT
13872,CT
13873,Terrorist
13874,Terrorist
13875,Terrorist
13876,Terrorist
13877,CT
13878,CT
13879,CT
13880,CT
13881,Terrorist
13882,Terrorist
13883,CT
13884,Terrorist
13885,Terrorist
13886,Terrorist
13887,Terrorist
13888,Terrorist
13889,Terrorist
13890,Terrorist
13891,Terrorist
13892,CT
13893,CT
13894,Terrorist
13895,CT
13896,CT
13897,CT
13898,Terrorist
13899,CT
13900,CT
13901,Terrorist
13902,CT
13903,CT
13904,Terrorist
13905,CT
13906,CT
13907,CT
13908,Terrorist
13909,Terrorist
13910,Terrorist
13911,CT
13912,Terrorist
13913,Terrorist
13914,Terrorist
13915,CT
13916,Terrorist
13917,CT
13918,Terrorist
13919,Terrorist
13920,CT
13921,Terrorist
13922,Terrorist
13923,Terrorist
13924,CT
13925,Terrorist
13926,CT
13927,Terrorist
13928,CT
13929,Terrorist
13930,Terrorist
13931,Terrorist
13932,CT
13933,Terrorist
13934,CT
13935,CT
13936,Terrorist
13937,Terrorist
13938,Terrorist
13939,CT
13940,Terrorist
13941,CT
13942,CT
13943,Terrorist
13944,Terrorist
13945,Terrorist
13946,CT
13947,CT
13948,CT
13949,Terrorist
13950,Terrorist
13951,Terrorist
13952,Terrorist
13953,CT
13954,Terrorist
13955,CT
13956,CT
13957,Terrorist
13958,CT
13959,CT
13960,Terrorist
13961,CT
13962,Terrorist
13963,CT
13964,CT
13965,Terrorist
13966,CT
13967,CT
13968,Terrorist
13969,Terrorist
13970,Terrorist
13971,CT
13972,CT
13973,CT
13974,Terrorist
13975,Terrorist
13976,Terrorist
13977,CT
13978,Terrorist
13979,Terrorist
13980,CT
13981,CT
13982,CT
13983,CT
13984,CT
13985,CT
13986,Terrorist
13987,CT
13988,CT
13989,Terrorist
13990,Terrorist
13991,CT
13992,Terrorist
13993,Terrorist
13994,Terrorist
13995,CT
13996,CT
13997,CT
13998,Terrorist
13999,Terrorist
14000,Terrorist
14001,Terrorist
14002,CT
14003,Terrorist
14004,Terrorist
14005,CT
14006,Terrorist
14007,Terrorist
14008,Terrorist
14009,Terrorist
14010,CT
14011,CT
14012,Terrorist
14013,Terrorist
14014,Terrorist
14015,CT
14016,Terrorist
14017,Terrorist
14018,Terrorist
14019,CT
14020,Terrorist
14021,Terrorist
14022,CT
14023,CT
14024,Terrorist
14025,CT
14026,CT
14027,CT
14028,CT
14029,CT
14030,CT
14031,CT
14032,CT
14033,Terrorist
14034,Terrorist
14035,CT
14036,CT
14037,CT
14038,Terrorist
14039,Terrorist
14040,Terrorist
14041,CT
14042,CT
14043,CT
14044,CT
14045,Terrorist
14046,Terrorist
14047,Terrorist
14048,CT
14049,CT
14050,Terrorist
14051,CT
14052,CT
14053,Terrorist
14054,Terrorist
14055,Terrorist
14056,CT
14057,CT
14058,CT
14059,CT
14060,CT
14061,CT
14062,CT
14063,CT
14064,Terrorist
14065,Terrorist
14066,Terrorist
14067,CT
14068,Terrorist
14069,Terrorist
14070,CT
14071,Terrorist
14072,Terrorist
14073,Terrorist
14074,CT
14075,CT
14076,Terrorist
14077,Terrorist
14078,Terrorist
14079,Terrorist
14080,Terrorist
14081,CT
14082,CT
14083,Terrorist
14084,Terrorist
14085,CT
14086,Terrorist
14087,CT
14088,CT
14089,CT
14090,Terrorist
14091,Terrorist
14092,Terrorist
14093,CT
14094,CT
14095,Terrorist
14096,Terrorist
14097,Terrorist
14098,Terrorist
14099,Terrorist
14100,Terrorist
14101,CT
14102,CT
14103,Terrorist
14104,Terrorist
14105,CT
14106,CT
14107,CT
14108,CT
14109,Terrorist
14110,CT
14111,Terrorist
14112,Terrorist
14113,Terrorist
14114,Terrorist
14115,CT
14116,Terrorist
14117,Terrorist
14118,CT
14119,CT
14120,Terrorist
14121,CT
14122,CT
14123,Terrorist
14124,Terrorist
14125,CT
14126,Terrorist
14127,CT
14128,Terrorist
14129,CT
14130,Terrorist
14131,CT
14132,CT
14133,CT
14134,CT
14135,CT
14136,Terrorist
14137,Terrorist
14138,Terrorist
14139,Terrorist
14140,CT
14141,Terrorist
14142,Terrorist
14143,CT
14144,Terrorist
14145,Terrorist
14146,Terrorist
14147,CT
14148,Terrorist
14149,Terrorist
14150,Terrorist
14151,CT
14152,CT
14153,CT
14154,Terrorist
14155,CT
14156,CT
14157,Terrorist
14158,Terrorist
14159,CT
14160,CT
14161,CT
14162,Terrorist
14163,Terrorist
14164,Terrorist
14165,CT
14166,CT
14167,CT
14168,CT
14169,Terrorist
14170,Terrorist
14171,CT
14172,CT
14173,CT
14174,Terrorist
14175,CT
14176,Terrorist
14177,Terrorist
14178,Terrorist
14179,CT
14180,Terrorist
14181,CT
14182,Terrorist
14183,CT
14184,Terrorist
14185,Terrorist
14186,CT
14187,Terrorist
14188,CT
14189,CT
14190,CT
14191,CT
14192,CT
14193,CT
14194,CT
14195,CT
14196,CT
14197,Terrorist
14198,Terrorist
14199,Terrorist
14200,Terrorist
14201,Terrorist
14202,CT
14203,Terrorist
14204,CT
14205,CT
14206,CT
14207,Terrorist
14208,CT
14209,CT
14210,CT
14211,CT
14212,CT
14213,Terrorist
14214,Terrorist
14215,Terrorist
14216,Terrorist
14217,Terrorist
14218,Terrorist
14219,Terrorist
14220,Terrorist
14221,CT
14222,CT
14223,CT
14224,Terrorist
14225,Terrorist
14226,CT
14227,Terrorist
14228,CT
14229,CT
14230,Terrorist
14231,CT
14232,CT
14233,CT
14234,CT
14235,Terrorist
14236,Terrorist
14237,CT
14238,Terrorist
14239,CT
14240,CT
14241,Terrorist
14242,CT
14243,Terrorist
14244,Terrorist
14245,CT
14246,CT
14247,Terrorist
14248,CT
14249,CT
14250,CT
14251,CT
14252,Terrorist
14253,CT
14254,Terrorist
14255,CT
14256,CT
14257,Terrorist
14258,Terrorist
14259,Terrorist
14260,Terrorist
14261,Terrorist
14262,CT
14263,Terrorist
14264,Terrorist
14265,Terrorist
14266,Terrorist
14267,Terrorist
14268,Terrorist
14269,CT
14270,CT
14271,Terrorist
14272,Terrorist
14273,CT
14274,Terrorist
14275,Terrorist
14276,Terrorist
14277,Terrorist
14278,Terrorist
14279,CT
14280,Terrorist
14281,Terrorist
14282,Terrorist
14283,CT
14284,CT
14285,Terrorist
14286,Terrorist
14287,Terrorist
14288,CT
14289,CT
14290,Terrorist
14291,CT
14292,CT
14293,CT
14294,CT
14295,CT
14296,Terrorist
14297,Terrorist
14298,Terrorist
14299,CT
14300,Terrorist
14301,Terrorist
14302,CT
14303,CT
14304,Terrorist
14305,CT
14306,Terrorist
14307,CT
14308,Terrorist
14309,CT
14310,Terrorist
14311,Terrorist
14312,Terrorist
14313,CT
14314,CT
14315,Terrorist
14316,Terrorist
14317,Terrorist
14318,CT
14319,CT
14320,CT
14321,CT
14322,Terrorist
14323,Terrorist
14324,CT
14325,CT
14326,CT
14327,CT
14328,CT
14329,CT
14330,Terrorist
14331,CT
14332,CT
14333,CT
14334,Terrorist
14335,Terrorist
14336,Terrorist
14337,CT
14338,CT
14339,Terrorist
14340,Terrorist
14341,CT
14342,CT
14343,Terrorist
14344,CT
14345,Terrorist
14346,CT
14347,Terrorist
14348,CT
14349,CT
14350,CT
14351,CT
14352,Terrorist
14353,CT
14354,CT
14355,CT
14356,CT
14357,Terrorist
14358,CT
14359,Terrorist
14360,Terrorist
14361,CT
14362,CT
14363,CT
14364,CT
14365,CT
14366,CT
14367,Terrorist
14368,Terrorist
14369,Terrorist
14370,CT
14371,Terrorist
14372,Terrorist
14373,CT
14374,Terrorist
14375,Terrorist
14376,Terrorist
14377,Terrorist
14378,CT
14379,CT
14380,CT
14381,Terrorist
14382,Terrorist
14383,Terrorist
14384,CT
14385,Terrorist
14386,CT
14387,Terrorist
14388,CT
14389,Terrorist
14390,CT
14391,Terrorist
14392,CT
14393,CT
14394,Terrorist
14395,Terrorist
14396,Terrorist
14397,CT
14398,CT
14399,Terrorist
14400,CT
14401,CT
14402,CT
14403,Terrorist
14404,Terrorist
14405,CT
14406,Terrorist
14407,Terrorist
14408,CT
14409,CT
14410,CT
14411,CT
14412,CT
14413,Terrorist
14414,CT
14415,CT
14416,Terrorist
14417,Terrorist
14418,CT
14419,Terrorist
14420,Terrorist
14421,Terrorist
14422,Terrorist
14423,CT
14424,CT
14425,CT
14426,Terrorist
14427,CT
14428,Terrorist
14429,CT
14430,Terrorist
14431,CT
14432,CT
14433,Terrorist
14434,CT
14435,CT
14436,CT
14437,Terrorist
14438,Terrorist
14439,Terrorist
14440,CT
14441,CT
14442,Terrorist
14443,Terrorist
14444,Terrorist
14445,Terrorist
14446,Terrorist
14447,CT
14448,Terrorist
14449,CT
14450,CT
14451,Terrorist
14452,Terrorist
14453,CT
14454,CT
14455,Terrorist
14456,Terrorist
14457,CT
14458,Terrorist
14459,Terrorist
14460,CT
14461,CT
14462,Terrorist
14463,Terrorist
14464,CT
14465,Terrorist
14466,CT
14467,CT
14468,CT
14469,Terrorist
14470,CT
14471,CT
14472,CT
14473,CT
14474,Terrorist
14475,CT
14476,CT
14477,CT
14478,Terrorist
14479,Terrorist
14480,CT
14481,CT
14482,Terrorist
14483,CT
14484,Terrorist
14485,CT
14486,Terrorist
14487,CT
14488,Terrorist
14489,CT
14490,Terrorist
14491,CT
14492,Terrorist
14493,Terrorist
14494,CT
14495,CT
14496,CT
14497,Terrorist
14498,CT
14499,CT
14500,CT
14501,CT
14502,CT
14503,Terrorist
14504,Terrorist
14505,Terrorist
14506,CT
14507,CT
14508,Terrorist
14509,Terrorist
14510,CT
14511,Terrorist
14512,CT
14513,CT
14514,CT
14515,CT
14516,CT
14517,CT
14518,CT
14519,Terrorist
14520,CT
14521,CT
14522,CT
14523,Terrorist
14524,CT
14525,CT
14526,CT
14527,Terrorist
14528,CT
14529,CT
14530,CT
14531,Terrorist
14532,Terrorist
14533,Terrorist
14534,CT
14535,Terrorist
14536,Terrorist
14537,CT
14538,Terrorist
14539,CT
14540,Terrorist
14541,CT
14542,Terrorist
14543,CT
14544,Terrorist
14545,Terrorist
14546,Terrorist
14547,Terrorist
14548,Terrorist
14549,CT
14550,CT
14551,Terrorist
14552,CT
14553,Terrorist
14554,CT
14555,Terrorist
14556,CT
14557,CT
14558,Terrorist
14559,CT
14560,Terrorist
14561,Terrorist
14562,CT
14563,Terrorist
14564,Terrorist
14565,CT
14566,Terrorist
14567,CT
14568,CT
14569,Terrorist
14570,CT
14571,Terrorist
14572,CT
14573,Terrorist
14574,CT
14575,CT
14576,Terrorist
14577,CT
14578,CT
14579,CT
14580,CT
14581,Terrorist
14582,Terrorist
14583,Terrorist
14584,Terrorist
14585,Terrorist
14586,Terrorist
14587,CT
14588,Terrorist
14589,CT
14590,Terrorist
14591,Terrorist
14592,Terrorist
14593,CT
14594,Terrorist
14595,CT
14596,Terrorist
14597,CT
14598,Terrorist
14599,CT
14600,Terrorist
14601,Terrorist
14602,CT
14603,CT
14604,Terrorist
14605,Terrorist
14606,CT
14607,CT
14608,Terrorist
14609,Terrorist
14610,Terrorist
14611,Terrorist
14612,CT
14613,CT
14614,CT
14615,CT
14616,CT
14617,CT
14618,CT
14619,Terrorist
14620,Terrorist
14621,CT
14622,CT
14623,Terrorist
14624,CT
14625,Terrorist
14626,Terrorist
14627,Terrorist
14628,CT
14629,CT
14630,CT
14631,CT
14632,CT
14633,CT
14634,CT
14635,Terrorist
14636,Terrorist
14637,Terrorist
14638,CT
14639,CT
14640,Terrorist
14641,Terrorist
14642,Terrorist
14643,Terrorist
14644,Terrorist
14645,Terrorist
14646,Terrorist
14647,Terrorist
14648,CT
14649,CT
14650,CT
14651,Terrorist
14652,CT
14653,CT
14654,CT
14655,CT
14656,Terrorist
14657,CT
14658,Terrorist
14659,Terrorist
14660,Terrorist
14661,CT
14662,CT
14663,Terrorist
14664,CT
14665,CT
14666,Terrorist
14667,CT
14668,CT
14669,Terrorist
14670,Terrorist
14671,Terrorist
14672,CT
14673,CT
14674,CT
14675,CT
14676,Terrorist
14677,Terrorist
14678,Terrorist
14679,Terrorist
14680,CT
14681,Terrorist
14682,CT
14683,CT
14684,Terrorist
14685,CT
14686,CT
14687,CT
14688,Terrorist
14689,CT
14690,Terrorist
14691,Terrorist
14692,Terrorist
14693,CT
14694,Terrorist
14695,Terrorist
14696,Terrorist
14697,Terrorist
14698,Terrorist
14699,Terrorist
14700,Terrorist
14701,CT
14702,CT
14703,CT
14704,Terrorist
14705,Terrorist
14706,Terrorist
14707,CT
14708,CT
14709,CT
14710,CT
14711,CT
14712,CT
14713,CT
14714,CT
14715,CT
14716,CT
14717,CT
14718,Terrorist
14719,CT
14720,Terrorist
14721,Terrorist
14722,CT
14723,CT
14724,Terrorist
14725,CT
14726,CT
14727,Terrorist
14728,Terrorist
14729,Terrorist
14730,Terrorist
14731,CT
14732,Terrorist
14733,Terrorist
14734,Terrorist
14735,Terrorist
14736,CT
14737,Terrorist
14738,CT
14739,CT
14740,CT
14741,Terrorist
14742,Terrorist
14743,CT
14744,CT
14745,Terrorist
14746,Terrorist
14747,Terrorist
14748,Terrorist
14749,Terrorist
14750,CT
14751,CT
14752,CT
14753,CT
14754,Terrorist
14755,CT
14756,CT
14757,CT
14758,CT
14759,CT
14760,Terrorist
14761,CT
14762,Terrorist
14763,CT
14764,CT
14765,CT
14766,Terrorist
14767,CT
14768,CT
14769,CT
14770,CT
14771,CT
14772,CT
14773,CT
14774,Terrorist
14775,CT
14776,CT
14777,CT
14778,CT
14779,Terrorist
14780,CT
14781,Terrorist
14782,Terrorist
14783,CT
14784,Terrorist
14785,Terrorist
14786,Terrorist
14787,CT
14788,Terrorist
14789,Terrorist
14790,Terrorist
14791,CT
14792,Terrorist
14793,CT
14794,Terrorist
14795,Terrorist
14796,Terrorist
14797,CT
14798,CT
14799,CT
14800,Terrorist
14801,CT
14802,CT
14803,Terrorist
14804,CT
14805,Terrorist
14806,Terrorist
14807,Terrorist
14808,Terrorist
14809,CT
14810,CT
14811,CT
14812,Terrorist
14813,CT
14814,CT
14815,Terrorist
14816,CT
14817,Terrorist
14818,Terrorist
14819,CT
14820,CT
14821,CT
14822,Terrorist
14823,CT
14824,Terrorist
14825,Terrorist
14826,Terrorist
14827,CT
14828,Terrorist
14829,CT
14830,CT
14831,Terrorist
14832,CT
14833,Terrorist
14834,Terrorist
14835,Terrorist
14836,Terrorist
14837,Terrorist
14838,CT
14839,CT
14840,Terrorist
14841,CT
14842,Terrorist
14843,Terrorist
14844,Terrorist
14845,Terrorist
14846,CT
14847,Terrorist
14848,Terrorist
14849,CT
14850,Terrorist
14851,CT
14852,CT
14853,Terrorist
14854,CT
14855,CT
14856,Terrorist
14857,CT
14858,CT
14859,CT
14860,CT
14861,Terrorist
14862,Terrorist
14863,Terrorist
14864,Terrorist
14865,CT
14866,Terrorist
14867,CT
14868,CT
14869,CT
14870,Terrorist
14871,CT
14872,Terrorist
14873,Terrorist
14874,CT
14875,Terrorist
14876,Terrorist
14877,Terrorist
14878,CT
14879,CT
14880,Terrorist
14881,CT
14882,CT
14883,Terrorist
14884,Terrorist
14885,CT
14886,Terrorist
14887,CT
14888,Terrorist
14889,CT
14890,CT
14891,CT
14892,CT
14893,CT
14894,Terrorist
14895,Terrorist
14896,CT
14897,Terrorist
14898,CT
14899,Terrorist
14900,Terrorist
14901,CT
14902,CT
14903,Terrorist
14904,CT
14905,CT
14906,Terrorist
14907,CT
14908,CT
14909,CT
14910,CT
14911,Terrorist
14912,CT
14913,CT
14914,CT
14915,Terrorist
14916,CT
14917,Terrorist
14918,CT
14919,Terrorist
14920,CT
14921,Terrorist
14922,CT
14923,CT
14924,Terrorist
14925,Terrorist
14926,CT
14927,Terrorist
14928,CT
14929,Terrorist
14930,CT
14931,Terrorist
14932,CT
14933,CT
14934,Terrorist
14935,CT
14936,CT
14937,CT
14938,CT
14939,CT
14940,CT
14941,CT
14942,CT
14943,Terrorist
14944,Terrorist
14945,Terrorist
14946,Terrorist
14947,Terrorist
14948,Terrorist
14949,CT
14950,Terrorist
14951,Terrorist
14952,Terrorist
14953,Terrorist
14954,Terrorist
14955,CT
14956,CT
14957,Terrorist
14958,Terrorist
14959,Terrorist
14960,Terrorist
14961,CT
14962,CT
14963,Terrorist
14964,Terrorist
14965,Terrorist
14966,Terrorist
14967,CT
14968,Terrorist
14969,CT
14970,Terrorist
14971,CT
14972,Terrorist
14973,Terrorist
14974,Terrorist
14975,CT
14976,CT
14977,CT
14978,Terrorist
14979,CT
14980,Terrorist
14981,Terrorist
14982,Terrorist
14983,CT
14984,CT
14985,CT
14986,Terrorist
14987,Terrorist
14988,CT
14989,CT
14990,Terrorist
14991,Terrorist
14992,CT
14993,Terrorist
14994,CT
14995,Terrorist
14996,Terrorist
14997,Terrorist
14998,CT
14999,CT
